"ID","PARENT_ID","URI","FILE_PATH","NAME","METHOD","STATUS","SIZE","TYPE","EXT","LAST_MODIFIED","EXTENSION_MISMATCH","HASH","FORMAT_COUNT","PUID","MIME_TYPE","FORMAT_NAME","FORMAT_VERSION"
"1","","file:/data/","/data","data","","Done","","Folder","","2026-09-21T12:02:21","false","",""
"2","1","file:/data/krp-0193_a/","/data/krp-0193_a","krp-0193_a","","Done","","Folder","","2026-09-23T07:25:19","false","",""
"3","2","file:/data/krp-0193_a/krp-0193_a01-0003.TIF","/data/krp-0193_a/krp-0193_a01-0003.TIF","krp-0193_a01-0003.TIF","Signature","Done","17455148","File","tif","2026-09-23T07:23:24","false","","1","fmt/353","image/tiff","Tagged Image File Format",""
"4","2","file:/data/krp-0193_a/krp-0193_a01-0001.TIF","/data/krp-0193_a/krp-0193_a01-0001.TIF","krp-0193_a01-0001.TIF","Signature","Done","19213030","File","tif","2026-09-23T07:23:18","false","","1","fmt/353","image/tiff","Tagged Image File Format",""
"5","2","file:/data/krp-0193_a/krp-0193_a01-0002.TIF","/data/krp-0193_a/krp-0193_a01-0002.TIF","krp-0193_a01-0002.TIF","Signature","Done","17086970","File","tif","2026-09-23T07:23:21","false","","1","fmt/353","image/tiff","Tagged Image File Format",""
"6","2","file:/data/krp-0193_a/krp-0193_a01-0006.TIF","/data/krp-0193_a/krp-0193_a01-0006.TIF","krp-0193_a01-0006.TIF","Signature","Done","19818096","File","tif","2026-09-23T07:23:32","false","","1","fmt/353","image/tiff","Tagged Image File Format",""
"7","2","file:/data/krp-0193_a/krp-0193_a01-0004.TIF","/data/krp-0193_a/krp-0193_a01-0004.TIF","krp-0193_a01-0004.TIF","Signature","Done","18156334","File","tif","2026-09-23T07:23:27","false","","1","fmt/353","image/tiff","Tagged Image File Format",""
"8","2","file:/data/krp-0193_a/krp-0193_a01-0005.TIF","/data/krp-0193_a/krp-0193_a01-0005.TIF","krp-0193_a01-0005.TIF","Signature","Done","17324648","File","tif","2026-09-23T07:23:30","false","","1","fmt/353","image/tiff","Tagged Image File Format",""
"9","2","file:/data/krp-0193_a/krp-0193_a01-0007.TIF","/data/krp-0193_a/krp-0193_a01-0007.TIF","krp-0193_a01-0007.TIF","Signature","Done","19664690","File","tif","2026-09-23T07:23:35","false","","1","fmt/353","image/tiff","Tagged Image File Format",""
"10","2","file:/data/krp-0193_a/krp-0193_a01-0008.TIF","/data/krp-0193_a/krp-0193_a01-0008.TIF","krp-0193_a01-0008.TIF","Signature","Done","16629348","File","tif","2026-09-23T07:23:38","false","","1","fmt/353","image/tiff","Tagged Image File Format",""
"11","2","file:/data/krp-0193_a/krp-0193_a01-0009.TIF","/data/krp-0193_a/krp-0193_a01-0009.TIF","krp-0193_a01-0009.TIF","Signature","Done","18208490","File","tif","2026-09-23T07:23:41","false","","1","fmt/353","image/tiff","Tagged Image File Format",""
"12","2","file:/data/krp-0193_a/krp-0193_a01-0010.TIF","/data/krp-0193_a/krp-0193_a01-0010.TIF","krp-0193_a01-0010.TIF","Signature","Done","17685432","File","tif","2026-09-23T07:23:44","false","","1","fmt/353","image/tiff","Tagged Image File Format",""
"13","2","file:/data/krp-0193_a/krp-0193_a01-0011.TIF","/data/krp-0193_a/krp-0193_a01-0011.TIF","krp-0193_a01-0011.TIF","Signature","Done","17705392","File","tif","2026-09-23T07:23:46","false","","1","fmt/353","image/tiff","Tagged Image File Format",""
"14","2","file:/data/krp-0193_a/krp-0193_a01-0012.TIF","/data/krp-0193_a/krp-0193_a01-0012.TIF","krp-0193_a01-0012.TIF","Signature","Done","17869580","File","tif","2026-09-23T07:23:50","false","","1","fmt/353","image/tiff","Tagged Image File Format",""
"15","2","file:/data/krp-0193_a/krp-0193_a01-0013.TIF","/data/krp-0193_a/krp-0193_a01-0013.TIF","krp-0193_a01-0013.TIF","Signature","Done","17940694","File","tif","2026-09-23T07:23:53","false","","1","fmt/353","image/tiff","Tagged Image File Format",""
"16","2","file:/data/krp-0193_a/krp-0193_a01-0014.TIF","/data/krp-0193_a/krp-0193_a01-0014.TIF","krp-0193_a01-0014.TIF","Signature","Done","18241082","File","tif","2026-09-23T07:23:55","false","","1","fmt/353","image/tiff","Tagged Image File Format",""
"17","2","file:/data/krp-0193_a/krp-0193_a01-0015.TIF","/data/krp-0193_a/krp-0193_a01-0015.TIF","krp-0193_a01-0015.TIF","Signature","Done","17623176","File","tif","2026-09-23T07:23:58","false","","1","fmt/353","image/tiff","Tagged Image File Format",""
"18","2","file:/data/krp-0193_a/krp-0193_a01-0016.TIF","/data/krp-0193_a/krp-0193_a01-0016.TIF","krp-0193_a01-0016.TIF","Signature","Done","17886412","File","tif","2026-09-23T07:24:01","false","","1","fmt/353","image/tiff","Tagged Image File Format",""
"19","2","file:/data/krp-0193_a/krp-0193_a01-0017.TIF","/data/krp-0193_a/krp-0193_a01-0017.TIF","krp-0193_a01-0017.TIF","Signature","Done","17495312","File","tif","2026-09-23T07:24:04","false","","1","fmt/353","image/tiff","Tagged Image File Format",""
"20","2","file:/data/krp-0193_a/krp-0193_a01-0018.TIF","/data/krp-0193_a/krp-0193_a01-0018.TIF","krp-0193_a01-0018.TIF","Signature","Done","16747692","File","tif","2026-09-23T07:24:06","false","","1","fmt/353","image/tiff","Tagged Image File Format",""
"21","2","file:/data/krp-0193_a/krp-0193_a01-0019.TIF","/data/krp-0193_a/krp-0193_a01-0019.TIF","krp-0193_a01-0019.TIF","Signature","Done","16541464","File","tif","2026-09-23T07:24:09","false","","1","fmt/353","image/tiff","Tagged Image File Format",""
"22","2","file:/data/krp-0193_a/krp-0193_a01-0020.TIF","/data/krp-0193_a/krp-0193_a01-0020.TIF","krp-0193_a01-0020.TIF","Signature","Done","18637894","File","tif","2026-09-23T07:24:12","false","","1","fmt/353","image/tiff","Tagged Image File Format",""
"23","2","file:/data/krp-0193_a/krp-0193_a01-0021.TIF","/data/krp-0193_a/krp-0193_a01-0021.TIF","krp-0193_a01-0021.TIF","Signature","Done","19317862","File","tif","2026-09-23T07:24:15","false","","1","fmt/353","image/tiff","Tagged Image File Format",""
"24","2","file:/data/krp-0193_a/krp-0193_a01-0022.TIF","/data/krp-0193_a/krp-0193_a01-0022.TIF","krp-0193_a01-0022.TIF","Signature","Done","18851996","File","tif","2026-09-23T07:24:18","false","","1","fmt/353","image/tiff","Tagged Image File Format",""
"25","2","file:/data/krp-0193_a/krp-0193_a01-0023.TIF","/data/krp-0193_a/krp-0193_a01-0023.TIF","krp-0193_a01-0023.TIF","Signature","Done","19642974","File","tif","2026-09-23T07:24:20","false","","1","fmt/353","image/tiff","Tagged Image File Format",""
"26","2","file:/data/krp-0193_a/krp-0193_a01-0024.TIF","/data/krp-0193_a/krp-0193_a01-0024.TIF","krp-0193_a01-0024.TIF","Signature","Done","18537368","File","tif","2026-09-23T07:24:23","false","","1","fmt/353","image/tiff","Tagged Image File Format",""
"27","2","file:/data/krp-0193_a/krp-0193_a01-0025.TIF","/data/krp-0193_a/krp-0193_a01-0025.TIF","krp-0193_a01-0025.TIF","Signature","Done","19516724","File","tif","2026-09-23T07:24:26","false","","1","fmt/353","image/tiff","Tagged Image File Format",""
"28","2","file:/data/krp-0193_a/krp-0193_a01-0026.TIF","/data/krp-0193_a/krp-0193_a01-0026.TIF","krp-0193_a01-0026.TIF","Signature","Done","18577182","File","tif","2026-09-23T07:24:29","false","","1","fmt/353","image/tiff","Tagged Image File Format",""
"29","2","file:/data/krp-0193_a/krp-0193_a01-0027.TIF","/data/krp-0193_a/krp-0193_a01-0027.TIF","krp-0193_a01-0027.TIF","Signature","Done","19244420","File","tif","2026-09-23T07:24:31","false","","1","fmt/353","image/tiff","Tagged Image File Format",""
"30","2","file:/data/krp-0193_a/krp-0193_a01-0028.TIF","/data/krp-0193_a/krp-0193_a01-0028.TIF","krp-0193_a01-0028.TIF","Signature","Done","17430620","File","tif","2026-09-23T07:24:34","false","","1","fmt/353","image/tiff","Tagged Image File Format",""
"31","2","file:/data/krp-0193_a/krp-0193_a01-0029.TIF","/data/krp-0193_a/krp-0193_a01-0029.TIF","krp-0193_a01-0029.TIF","Signature","Done","16599658","File","tif","2026-09-23T07:24:37","false","","1","fmt/353","image/tiff","Tagged Image File Format",""
"32","2","file:/data/krp-0193_a/krp-0193_a01-0030.TIF","/data/krp-0193_a/krp-0193_a01-0030.TIF","krp-0193_a01-0030.TIF","Signature","Done","16154968","File","tif","2026-09-23T07:24:39","false","","1","fmt/353","image/tiff","Tagged Image File Format",""
"33","2","file:/data/krp-0193_a/krp-0193_a01-0031.TIF","/data/krp-0193_a/krp-0193_a01-0031.TIF","krp-0193_a01-0031.TIF","Signature","Done","18316754","File","tif","2026-09-23T07:24:42","false","","1","fmt/353","image/tiff","Tagged Image File Format",""
"34","2","file:/data/krp-0193_a/krp-0193_a01-0032.TIF","/data/krp-0193_a/krp-0193_a01-0032.TIF","krp-0193_a01-0032.TIF","Signature","Done","19622602","File","tif","2026-09-23T07:24:45","false","","1","fmt/353","image/tiff","Tagged Image File Format",""
"35","2","file:/data/krp-0193_a/krp-0193_a01-0033.TIF","/data/krp-0193_a/krp-0193_a01-0033.TIF","krp-0193_a01-0033.TIF","Signature","Done","15740638","File","tif","2026-09-23T07:24:48","false","","1","fmt/353","image/tiff","Tagged Image File Format",""
"36","2","file:/data/krp-0193_a/krp-0193_a01-0034.TIF","/data/krp-0193_a/krp-0193_a01-0034.TIF","krp-0193_a01-0034.TIF","Signature","Done","15442490","File","tif","2026-09-23T07:24:51","false","","1","fmt/353","image/tiff","Tagged Image File Format",""
"37","2","file:/data/krp-0193_a/krp-0193_a01-0035.TIF","/data/krp-0193_a/krp-0193_a01-0035.TIF","krp-0193_a01-0035.TIF","Signature","Done","15870904","File","tif","2026-09-23T07:24:53","false","","1","fmt/353","image/tiff","Tagged Image File Format",""
"38","2","file:/data/krp-0193_a/krp-0193_a01-0036.TIF","/data/krp-0193_a/krp-0193_a01-0036.TIF","krp-0193_a01-0036.TIF","Signature","Done","17580156","File","tif","2026-09-23T07:24:56","false","","1","fmt/353","image/tiff","Tagged Image File Format",""
"39","2","file:/data/krp-0193_a/krp-0193_a01-0037.TIF","/data/krp-0193_a/krp-0193_a01-0037.TIF","krp-0193_a01-0037.TIF","Signature","Done","17592084","File","tif","2026-09-23T07:24:59","false","","1","fmt/353","image/tiff","Tagged Image File Format",""
"40","2","file:/data/krp-0193_a/krp-0193_a01-0038.TIF","/data/krp-0193_a/krp-0193_a01-0038.TIF","krp-0193_a01-0038.TIF","Signature","Done","16762366","File","tif","2026-09-23T07:25:01","false","","1","fmt/353","image/tiff","Tagged Image File Format",""
"41","2","file:/data/krp-0193_a/krp-0193_a01-0039.TIF","/data/krp-0193_a/krp-0193_a01-0039.TIF","krp-0193_a01-0039.TIF","Signature","Done","18327904","File","tif","2026-09-23T07:25:04","false","","1","fmt/353","image/tiff","Tagged Image File Format",""
"42","1","file:/data/krp-0193_b/","/data/krp-0193_b","krp-0193_b","","Done","","Folder","","2026-09-21T11:57:56","false","",""
"43","2","file:/data/krp-0193_a/krp-0193_a01-0040.TIF","/data/krp-0193_a/krp-0193_a01-0040.TIF","krp-0193_a01-0040.TIF","Signature","Done","18094224","File","tif","2026-09-23T07:25:07","false","","1","fmt/353","image/tiff","Tagged Image File Format",""
"44","42","file:/data/krp-0193_b/krp-0193_b01/","/data/krp-0193_b/krp-0193_b01","krp-0193_b01","","Done","","Folder","","2026-09-23T07:27:20","false","",""
"45","2","file:/data/krp-0193_a/krp-0193_a01-0041.TIF","/data/krp-0193_a/krp-0193_a01-0041.TIF","krp-0193_a01-0041.TIF","Signature","Done","17718216","File","tif","2026-09-23T07:25:10","false","","1","fmt/353","image/tiff","Tagged Image File Format",""
"46","2","file:/data/krp-0193_a/krp-0193_a01-0042.TIF","/data/krp-0193_a/krp-0193_a01-0042.TIF","krp-0193_a01-0042.TIF","Signature","Done","14706792","File","tif","2026-09-23T07:25:13","false","","1","fmt/353","image/tiff","Tagged Image File Format",""
"47","2","file:/data/krp-0193_a/krp-0193_a01-0043.TIF","/data/krp-0193_a/krp-0193_a01-0043.TIF","krp-0193_a01-0043.TIF","Signature","Done","23081314","File","tif","2026-09-23T07:25:16","false","","1","fmt/353","image/tiff","Tagged Image File Format",""
"48","2","file:/data/krp-0193_a/krp-0193_a01-0044.TIF","/data/krp-0193_a/krp-0193_a01-0044.TIF","krp-0193_a01-0044.TIF","Signature","Done","23082494","File","tif","2026-09-23T07:25:19","false","","1","fmt/353","image/tiff","Tagged Image File Format",""
"49","44","file:/data/krp-0193_b/krp-0193_b01/krp-0193_b01-0001.TIF","/data/krp-0193_b/krp-0193_b01/krp-0193_b01-0001.TIF","krp-0193_b01-0001.TIF","Signature","Done","19103806","File","tif","2026-09-23T07:25:22","false","","1","fmt/353","image/tiff","Tagged Image File Format",""
"50","44","file:/data/krp-0193_b/krp-0193_b01/krp-0193_b01-0002.TIF","/data/krp-0193_b/krp-0193_b01/krp-0193_b01-0002.TIF","krp-0193_b01-0002.TIF","Signature","Done","19022388","File","tif","2026-09-23T07:25:25","false","","1","fmt/353","image/tiff","Tagged Image File Format",""
"51","44","file:/data/krp-0193_b/krp-0193_b01/krp-0193_b01-0003.TIF","/data/krp-0193_b/krp-0193_b01/krp-0193_b01-0003.TIF","krp-0193_b01-0003.TIF","Signature","Done","18800110","File","tif","2026-09-23T07:25:28","false","","1","fmt/353","image/tiff","Tagged Image File Format",""
"52","44","file:/data/krp-0193_b/krp-0193_b01/krp-0193_b01-0004.TIF","/data/krp-0193_b/krp-0193_b01/krp-0193_b01-0004.TIF","krp-0193_b01-0004.TIF","Signature","Done","19070428","File","tif","2026-09-23T07:25:30","false","","1","fmt/353","image/tiff","Tagged Image File Format",""
"53","44","file:/data/krp-0193_b/krp-0193_b01/krp-0193_b01-0005.TIF","/data/krp-0193_b/krp-0193_b01/krp-0193_b01-0005.TIF","krp-0193_b01-0005.TIF","Signature","Done","19476404","File","tif","2026-09-23T07:25:33","false","","1","fmt/353","image/tiff","Tagged Image File Format",""
"54","44","file:/data/krp-0193_b/krp-0193_b01/krp-0193_b01-0006.TIF","/data/krp-0193_b/krp-0193_b01/krp-0193_b01-0006.TIF","krp-0193_b01-0006.TIF","Signature","Done","19421620","File","tif","2026-09-23T07:25:36","false","","1","fmt/353","image/tiff","Tagged Image File Format",""
"55","44","file:/data/krp-0193_b/krp-0193_b01/krp-0193_b01-0007.TIF","/data/krp-0193_b/krp-0193_b01/krp-0193_b01-0007.TIF","krp-0193_b01-0007.TIF","Signature","Done","18918012","File","tif","2026-09-23T07:25:39","false","","1","fmt/353","image/tiff","Tagged Image File Format",""
"56","44","file:/data/krp-0193_b/krp-0193_b01/krp-0193_b01-0008.TIF","/data/krp-0193_b/krp-0193_b01/krp-0193_b01-0008.TIF","krp-0193_b01-0008.TIF","Signature","Done","19293680","File","tif","2026-09-23T07:25:41","false","","1","fmt/353","image/tiff","Tagged Image File Format",""
"57","44","file:/data/krp-0193_b/krp-0193_b01/krp-0193_b01-0009.TIF","/data/krp-0193_b/krp-0193_b01/krp-0193_b01-0009.TIF","krp-0193_b01-0009.TIF","Signature","Done","17758050","File","tif","2026-09-23T07:25:44","false","","1","fmt/353","image/tiff","Tagged Image File Format",""
"58","44","file:/data/krp-0193_b/krp-0193_b01/krp-0193_b01-0010.TIF","/data/krp-0193_b/krp-0193_b01/krp-0193_b01-0010.TIF","krp-0193_b01-0010.TIF","Signature","Done","21357876","File","tif","2026-09-23T07:25:47","false","","1","fmt/353","image/tiff","Tagged Image File Format",""
"59","44","file:/data/krp-0193_b/krp-0193_b01/krp-0193_b01-0011.TIF","/data/krp-0193_b/krp-0193_b01/krp-0193_b01-0011.TIF","krp-0193_b01-0011.TIF","Signature","Done","20979560","File","tif","2026-09-23T07:25:50","false","","1","fmt/353","image/tiff","Tagged Image File Format",""
"60","44","file:/data/krp-0193_b/krp-0193_b01/krp-0193_b01-0012.TIF","/data/krp-0193_b/krp-0193_b01/krp-0193_b01-0012.TIF","krp-0193_b01-0012.TIF","Signature","Done","17151222","File","tif","2026-09-23T07:25:53","false","","1","fmt/353","image/tiff","Tagged Image File Format",""
"61","44","file:/data/krp-0193_b/krp-0193_b01/krp-0193_b01-0013.TIF","/data/krp-0193_b/krp-0193_b01/krp-0193_b01-0013.TIF","krp-0193_b01-0013.TIF","Signature","Done","20108380","File","tif","2026-09-23T07:25:56","false","","1","fmt/353","image/tiff","Tagged Image File Format",""
"62","44","file:/data/krp-0193_b/krp-0193_b01/krp-0193_b01-0014.TIF","/data/krp-0193_b/krp-0193_b01/krp-0193_b01-0014.TIF","krp-0193_b01-0014.TIF","Signature","Done","16970532","File","tif","2026-09-23T07:25:59","false","","1","fmt/353","image/tiff","Tagged Image File Format",""
"63","44","file:/data/krp-0193_b/krp-0193_b01/krp-0193_b01-0015.TIF","/data/krp-0193_b/krp-0193_b01/krp-0193_b01-0015.TIF","krp-0193_b01-0015.TIF","Signature","Done","21199070","File","tif","2026-09-23T07:26:02","false","","1","fmt/353","image/tiff","Tagged Image File Format",""
"64","44","file:/data/krp-0193_b/krp-0193_b01/krp-0193_b01-0016.TIF","/data/krp-0193_b/krp-0193_b01/krp-0193_b01-0016.TIF","krp-0193_b01-0016.TIF","Signature","Done","20102988","File","tif","2026-09-23T07:26:04","false","","1","fmt/353","image/tiff","Tagged Image File Format",""
"65","44","file:/data/krp-0193_b/krp-0193_b01/krp-0193_b01-0017.TIF","/data/krp-0193_b/krp-0193_b01/krp-0193_b01-0017.TIF","krp-0193_b01-0017.TIF","Signature","Done","16519112","File","tif","2026-09-23T07:26:07","false","","1","fmt/353","image/tiff","Tagged Image File Format",""
"66","44","file:/data/krp-0193_b/krp-0193_b01/krp-0193_b01-0018.TIF","/data/krp-0193_b/krp-0193_b01/krp-0193_b01-0018.TIF","krp-0193_b01-0018.TIF","Signature","Done","20588612","File","tif","2026-09-23T07:26:10","false","","1","fmt/353","image/tiff","Tagged Image File Format",""
"67","44","file:/data/krp-0193_b/krp-0193_b01/krp-0193_b01-0019.TIF","/data/krp-0193_b/krp-0193_b01/krp-0193_b01-0019.TIF","krp-0193_b01-0019.TIF","Signature","Done","20998240","File","tif","2026-09-23T07:26:12","false","","1","fmt/353","image/tiff","Tagged Image File Format",""
"68","44","file:/data/krp-0193_b/krp-0193_b01/krp-0193_b01-0020.TIF","/data/krp-0193_b/krp-0193_b01/krp-0193_b01-0020.TIF","krp-0193_b01-0020.TIF","Signature","Done","19712624","File","tif","2026-09-23T07:26:15","false","","1","fmt/353","image/tiff","Tagged Image File Format",""
"69","44","file:/data/krp-0193_b/krp-0193_b01/krp-0193_b01-0021.TIF","/data/krp-0193_b/krp-0193_b01/krp-0193_b01-0021.TIF","krp-0193_b01-0021.TIF","Signature","Done","20642102","File","tif","2026-09-23T07:26:18","false","","1","fmt/353","image/tiff","Tagged Image File Format",""
"70","44","file:/data/krp-0193_b/krp-0193_b01/krp-0193_b01-0022.TIF","/data/krp-0193_b/krp-0193_b01/krp-0193_b01-0022.TIF","krp-0193_b01-0022.TIF","Signature","Done","17825088","File","tif","2026-09-23T07:26:21","false","","1","fmt/353","image/tiff","Tagged Image File Format",""
"71","44","file:/data/krp-0193_b/krp-0193_b01/krp-0193_b01-0023.TIF","/data/krp-0193_b/krp-0193_b01/krp-0193_b01-0023.TIF","krp-0193_b01-0023.TIF","Signature","Done","19852172","File","tif","2026-09-23T07:26:23","false","","1","fmt/353","image/tiff","Tagged Image File Format",""
"72","44","file:/data/krp-0193_b/krp-0193_b01/krp-0193_b01-0024.TIF","/data/krp-0193_b/krp-0193_b01/krp-0193_b01-0024.TIF","krp-0193_b01-0024.TIF","Signature","Done","17882202","File","tif","2026-09-23T07:26:26","false","","1","fmt/353","image/tiff","Tagged Image File Format",""
"73","44","file:/data/krp-0193_b/krp-0193_b01/krp-0193_b01-0025.TIF","/data/krp-0193_b/krp-0193_b01/krp-0193_b01-0025.TIF","krp-0193_b01-0025.TIF","Signature","Done","18801736","File","tif","2026-09-23T07:26:29","false","","1","fmt/353","image/tiff","Tagged Image File Format",""
"74","44","file:/data/krp-0193_b/krp-0193_b01/krp-0193_b01-0026.TIF","/data/krp-0193_b/krp-0193_b01/krp-0193_b01-0026.TIF","krp-0193_b01-0026.TIF","Signature","Done","19016300","File","tif","2026-09-23T07:26:31","false","","1","fmt/353","image/tiff","Tagged Image File Format",""
"75","44","file:/data/krp-0193_b/krp-0193_b01/krp-0193_b01-0027.TIF","/data/krp-0193_b/krp-0193_b01/krp-0193_b01-0027.TIF","krp-0193_b01-0027.TIF","Signature","Done","16979734","File","tif","2026-09-23T07:26:34","false","","1","fmt/353","image/tiff","Tagged Image File Format",""
"76","44","file:/data/krp-0193_b/krp-0193_b01/krp-0193_b01-0028.TIF","/data/krp-0193_b/krp-0193_b01/krp-0193_b01-0028.TIF","krp-0193_b01-0028.TIF","Signature","Done","17754212","File","tif","2026-09-23T07:26:37","false","","1","fmt/353","image/tiff","Tagged Image File Format",""
"77","44","file:/data/krp-0193_b/krp-0193_b01/krp-0193_b01-0029.TIF","/data/krp-0193_b/krp-0193_b01/krp-0193_b01-0029.TIF","krp-0193_b01-0029.TIF","Signature","Done","16725964","File","tif","2026-09-23T07:26:39","false","","1","fmt/353","image/tiff","Tagged Image File Format",""
"78","44","file:/data/krp-0193_b/krp-0193_b01/krp-0193_b01-0030.TIF","/data/krp-0193_b/krp-0193_b01/krp-0193_b01-0030.TIF","krp-0193_b01-0030.TIF","Signature","Done","17445158","File","tif","2026-09-23T07:26:42","false","","1","fmt/353","image/tiff","Tagged Image File Format",""
"79","44","file:/data/krp-0193_b/krp-0193_b01/krp-0193_b01-0031.TIF","/data/krp-0193_b/krp-0193_b01/krp-0193_b01-0031.TIF","krp-0193_b01-0031.TIF","Signature","Done","16993058","File","tif","2026-09-23T07:26:45","false","","1","fmt/353","image/tiff","Tagged Image File Format",""
"80","44","file:/data/krp-0193_b/krp-0193_b01/krp-0193_b01-0032.TIF","/data/krp-0193_b/krp-0193_b01/krp-0193_b01-0032.TIF","krp-0193_b01-0032.TIF","Signature","Done","17876534","File","tif","2026-09-23T07:26:47","false","","1","fmt/353","image/tiff","Tagged Image File Format",""
"81","44","file:/data/krp-0193_b/krp-0193_b01/krp-0193_b01-0033.TIF","/data/krp-0193_b/krp-0193_b01/krp-0193_b01-0033.TIF","krp-0193_b01-0033.TIF","Signature","Done","17131584","File","tif","2026-09-23T07:26:50","false","","1","fmt/353","image/tiff","Tagged Image File Format",""
"82","44","file:/data/krp-0193_b/krp-0193_b01/krp-0193_b01-0034.TIF","/data/krp-0193_b/krp-0193_b01/krp-0193_b01-0034.TIF","krp-0193_b01-0034.TIF","Signature","Done","17238866","File","tif","2026-09-23T07:26:53","false","","1","fmt/353","image/tiff","Tagged Image File Format",""
"83","44","file:/data/krp-0193_b/krp-0193_b01/krp-0193_b01-0035.TIF","/data/krp-0193_b/krp-0193_b01/krp-0193_b01-0035.TIF","krp-0193_b01-0035.TIF","Signature","Done","17636972","File","tif","2026-09-23T07:26:55","false","","1","fmt/353","image/tiff","Tagged Image File Format",""
"84","44","file:/data/krp-0193_b/krp-0193_b01/krp-0193_b01-0036.TIF","/data/krp-0193_b/krp-0193_b01/krp-0193_b01-0036.TIF","krp-0193_b01-0036.TIF","Signature","Done","18955822","File","tif","2026-09-23T07:26:58","false","","1","fmt/353","image/tiff","Tagged Image File Format",""
"85","44","file:/data/krp-0193_b/krp-0193_b01/krp-0193_b01-0037.TIF","/data/krp-0193_b/krp-0193_b01/krp-0193_b01-0037.TIF","krp-0193_b01-0037.TIF","Signature","Done","18915126","File","tif","2026-09-23T07:27:01","false","","1","fmt/353","image/tiff","Tagged Image File Format",""
"86","44","file:/data/krp-0193_b/krp-0193_b01/krp-0193_b01-0038.TIF","/data/krp-0193_b/krp-0193_b01/krp-0193_b01-0038.TIF","krp-0193_b01-0038.TIF","Signature","Done","18432582","File","tif","2026-09-23T07:27:04","false","","1","fmt/353","image/tiff","Tagged Image File Format",""
"87","44","file:/data/krp-0193_b/krp-0193_b01/krp-0193_b01-0039.TIF","/data/krp-0193_b/krp-0193_b01/krp-0193_b01-0039.TIF","krp-0193_b01-0039.TIF","Signature","Done","18423664","File","tif","2026-09-23T07:27:06","false","","1","fmt/353","image/tiff","Tagged Image File Format",""
"88","44","file:/data/krp-0193_b/krp-0193_b01/krp-0193_b01-0040.TIF","/data/krp-0193_b/krp-0193_b01/krp-0193_b01-0040.TIF","krp-0193_b01-0040.TIF","Signature","Done","15585366","File","tif","2026-09-23T07:27:09","false","","1","fmt/353","image/tiff","Tagged Image File Format",""
"89","42","file:/data/krp-0193_b/krp-0193_b02/","/data/krp-0193_b/krp-0193_b02","krp-0193_b02","","Done","","Folder","","2026-09-23T07:27:37","false","",""
"90","44","file:/data/krp-0193_b/krp-0193_b01/krp-0193_b01-0041.TIF","/data/krp-0193_b/krp-0193_b01/krp-0193_b01-0041.TIF","krp-0193_b01-0041.TIF","Signature","Done","17640496","File","tif","2026-09-23T07:27:12","false","","1","fmt/353","image/tiff","Tagged Image File Format",""
"91","44","file:/data/krp-0193_b/krp-0193_b01/krp-0193_b01-0042.TIF","/data/krp-0193_b/krp-0193_b01/krp-0193_b01-0042.TIF","krp-0193_b01-0042.TIF","Signature","Done","15947672","File","tif","2026-09-23T07:27:15","false","","1","fmt/353","image/tiff","Tagged Image File Format",""
"92","44","file:/data/krp-0193_b/krp-0193_b01/krp-0193_b01-0043.TIF","/data/krp-0193_b/krp-0193_b01/krp-0193_b01-0043.TIF","krp-0193_b01-0043.TIF","Signature","Done","17658442","File","tif","2026-09-23T07:27:17","false","","1","fmt/353","image/tiff","Tagged Image File Format",""
"93","44","file:/data/krp-0193_b/krp-0193_b01/krp-0193_b01-0044.TIF","/data/krp-0193_b/krp-0193_b01/krp-0193_b01-0044.TIF","krp-0193_b01-0044.TIF","Signature","Done","17348992","File","tif","2026-09-23T07:27:20","false","","1","fmt/353","image/tiff","Tagged Image File Format",""
"94","89","file:/data/krp-0193_b/krp-0193_b02/krp-0193_b02-0001.TIF","/data/krp-0193_b/krp-0193_b02/krp-0193_b02-0001.TIF","krp-0193_b02-0001.TIF","Signature","Done","19905576","File","tif","2026-09-23T07:27:23","false","","1","fmt/353","image/tiff","Tagged Image File Format",""
"95","89","file:/data/krp-0193_b/krp-0193_b02/krp-0193_b02-0002.TIF","/data/krp-0193_b/krp-0193_b02/krp-0193_b02-0002.TIF","krp-0193_b02-0002.TIF","Signature","Done","19465944","File","tif","2026-09-23T07:27:26","false","","1","fmt/353","image/tiff","Tagged Image File Format",""
"96","89","file:/data/krp-0193_b/krp-0193_b02/krp-0193_b02-0003.TIF","/data/krp-0193_b/krp-0193_b02/krp-0193_b02-0003.TIF","krp-0193_b02-0003.TIF","Signature","Done","19152330","File","tif","2026-09-23T07:27:28","false","","1","fmt/353","image/tiff","Tagged Image File Format",""
"97","89","file:/data/krp-0193_b/krp-0193_b02/krp-0193_b02-0004.TIF","/data/krp-0193_b/krp-0193_b02/krp-0193_b02-0004.TIF","krp-0193_b02-0004.TIF","Signature","Done","20029262","File","tif","2026-09-23T07:27:31","false","","1","fmt/353","image/tiff","Tagged Image File Format",""
"98","42","file:/data/krp-0193_b/krp-0193_b03/","/data/krp-0193_b/krp-0193_b03","krp-0193_b03","","Done","","Folder","","2026-09-23T07:27:43","false","",""
"99","42","file:/data/krp-0193_b/krp-0193_b04/","/data/krp-0193_b/krp-0193_b04","krp-0193_b04","","Done","","Folder","","2026-09-23T07:29:17","false","",""
"100","89","file:/data/krp-0193_b/krp-0193_b02/krp-0193_b02-0005.TIF","/data/krp-0193_b/krp-0193_b02/krp-0193_b02-0005.TIF","krp-0193_b02-0005.TIF","Signature","Done","19297496","File","tif","2026-09-23T07:27:34","false","","1","fmt/353","image/tiff","Tagged Image File Format",""
"101","89","file:/data/krp-0193_b/krp-0193_b02/krp-0193_b02-0006.TIF","/data/krp-0193_b/krp-0193_b02/krp-0193_b02-0006.TIF","krp-0193_b02-0006.TIF","Signature","Done","18737068","File","tif","2026-09-23T07:27:37","false","","1","fmt/353","image/tiff","Tagged Image File Format",""
"102","98","file:/data/krp-0193_b/krp-0193_b03/krp-0193_b03-0001.TIF","/data/krp-0193_b/krp-0193_b03/krp-0193_b03-0001.TIF","krp-0193_b03-0001.TIF","Signature","Done","16473428","File","tif","2026-09-23T07:27:40","false","","1","fmt/353","image/tiff","Tagged Image File Format",""
"103","98","file:/data/krp-0193_b/krp-0193_b03/krp-0193_b03-0002.TIF","/data/krp-0193_b/krp-0193_b03/krp-0193_b03-0002.TIF","krp-0193_b03-0002.TIF","Signature","Done","24964998","File","tif","2026-09-23T07:27:43","false","","1","fmt/353","image/tiff","Tagged Image File Format",""
"104","99","file:/data/krp-0193_b/krp-0193_b04/krp-0193_b04-0001.TIF","/data/krp-0193_b/krp-0193_b04/krp-0193_b04-0001.TIF","krp-0193_b04-0001.TIF","Signature","Done","24446856","File","tif","2026-09-23T07:27:47","false","","1","fmt/353","image/tiff","Tagged Image File Format",""
"105","99","file:/data/krp-0193_b/krp-0193_b04/krp-0193_b04-0002.TIF","/data/krp-0193_b/krp-0193_b04/krp-0193_b04-0002.TIF","krp-0193_b04-0002.TIF","Signature","Done","25199272","File","tif","2026-09-23T07:27:50","false","","1","fmt/353","image/tiff","Tagged Image File Format",""
"106","99","file:/data/krp-0193_b/krp-0193_b04/krp-0193_b04-0003.TIF","/data/krp-0193_b/krp-0193_b04/krp-0193_b04-0003.TIF","krp-0193_b04-0003.TIF","Signature","Done","26664538","File","tif","2026-09-23T07:27:53","false","","1","fmt/353","image/tiff","Tagged Image File Format",""
"107","99","file:/data/krp-0193_b/krp-0193_b04/krp-0193_b04-0004.TIF","/data/krp-0193_b/krp-0193_b04/krp-0193_b04-0004.TIF","krp-0193_b04-0004.TIF","Signature","Done","25215488","File","tif","2026-09-23T07:27:56","false","","1","fmt/353","image/tiff","Tagged Image File Format",""
"108","99","file:/data/krp-0193_b/krp-0193_b04/krp-0193_b04-0005.TIF","/data/krp-0193_b/krp-0193_b04/krp-0193_b04-0005.TIF","krp-0193_b04-0005.TIF","Signature","Done","24991496","File","tif","2026-09-23T07:27:59","false","","1","fmt/353","image/tiff","Tagged Image File Format",""
"109","99","file:/data/krp-0193_b/krp-0193_b04/krp-0193_b04-0006.TIF","/data/krp-0193_b/krp-0193_b04/krp-0193_b04-0006.TIF","krp-0193_b04-0006.TIF","Signature","Done","27460222","File","tif","2026-09-23T07:28:02","false","","1","fmt/353","image/tiff","Tagged Image File Format",""
"110","99","file:/data/krp-0193_b/krp-0193_b04/krp-0193_b04-0007.TIF","/data/krp-0193_b/krp-0193_b04/krp-0193_b04-0007.TIF","krp-0193_b04-0007.TIF","Signature","Done","25407012","File","tif","2026-09-23T07:28:06","false","","1","fmt/353","image/tiff","Tagged Image File Format",""
"111","99","file:/data/krp-0193_b/krp-0193_b04/krp-0193_b04-0008.TIF","/data/krp-0193_b/krp-0193_b04/krp-0193_b04-0008.TIF","krp-0193_b04-0008.TIF","Signature","Done","25327612","File","tif","2026-09-23T07:28:09","false","","1","fmt/353","image/tiff","Tagged Image File Format",""
"112","99","file:/data/krp-0193_b/krp-0193_b04/krp-0193_b04-0009.TIF","/data/krp-0193_b/krp-0193_b04/krp-0193_b04-0009.TIF","krp-0193_b04-0009.TIF","Signature","Done","25466566","File","tif","2026-09-23T07:28:12","false","","1","fmt/353","image/tiff","Tagged Image File Format",""
"113","99","file:/data/krp-0193_b/krp-0193_b04/krp-0193_b04-0010.TIF","/data/krp-0193_b/krp-0193_b04/krp-0193_b04-0010.TIF","krp-0193_b04-0010.TIF","Signature","Done","22087400","File","tif","2026-09-23T07:28:15","false","","1","fmt/353","image/tiff","Tagged Image File Format",""
"114","99","file:/data/krp-0193_b/krp-0193_b04/krp-0193_b04-0011.TIF","/data/krp-0193_b/krp-0193_b04/krp-0193_b04-0011.TIF","krp-0193_b04-0011.TIF","Signature","Done","23435280","File","tif","2026-09-23T07:28:18","false","","1","fmt/353","image/tiff","Tagged Image File Format",""
"115","99","file:/data/krp-0193_b/krp-0193_b04/krp-0193_b04-0012.TIF","/data/krp-0193_b/krp-0193_b04/krp-0193_b04-0012.TIF","krp-0193_b04-0012.TIF","Signature","Done","24700578","File","tif","2026-09-23T07:28:22","false","","1","fmt/353","image/tiff","Tagged Image File Format",""
"116","99","file:/data/krp-0193_b/krp-0193_b04/krp-0193_b04-0013.TIF","/data/krp-0193_b/krp-0193_b04/krp-0193_b04-0013.TIF","krp-0193_b04-0013.TIF","Signature","Done","26214384","File","tif","2026-09-23T07:28:26","false","","1","fmt/353","image/tiff","Tagged Image File Format",""
"117","99","file:/data/krp-0193_b/krp-0193_b04/krp-0193_b04-0014.TIF","/data/krp-0193_b/krp-0193_b04/krp-0193_b04-0014.TIF","krp-0193_b04-0014.TIF","Signature","Done","24134472","File","tif","2026-09-23T07:28:29","false","","1","fmt/353","image/tiff","Tagged Image File Format",""
"118","99","file:/data/krp-0193_b/krp-0193_b04/krp-0193_b04-0015.TIF","/data/krp-0193_b/krp-0193_b04/krp-0193_b04-0015.TIF","krp-0193_b04-0015.TIF","Signature","Done","23887216","File","tif","2026-09-23T07:28:32","false","","1","fmt/353","image/tiff","Tagged Image File Format",""
"119","99","file:/data/krp-0193_b/krp-0193_b04/krp-0193_b04-0016.TIF","/data/krp-0193_b/krp-0193_b04/krp-0193_b04-0016.TIF","krp-0193_b04-0016.TIF","Signature","Done","26045144","File","tif","2026-09-23T07:28:36","false","","1","fmt/353","image/tiff","Tagged Image File Format",""
"120","99","file:/data/krp-0193_b/krp-0193_b04/krp-0193_b04-0017.TIF","/data/krp-0193_b/krp-0193_b04/krp-0193_b04-0017.TIF","krp-0193_b04-0017.TIF","Signature","Done","24735280","File","tif","2026-09-23T07:28:39","false","","1","fmt/353","image/tiff","Tagged Image File Format",""
"121","99","file:/data/krp-0193_b/krp-0193_b04/krp-0193_b04-0018.TIF","/data/krp-0193_b/krp-0193_b04/krp-0193_b04-0018.TIF","krp-0193_b04-0018.TIF","Signature","Done","23028484","File","tif","2026-09-23T07:28:42","false","","1","fmt/353","image/tiff","Tagged Image File Format",""
"122","99","file:/data/krp-0193_b/krp-0193_b04/krp-0193_b04-0019.TIF","/data/krp-0193_b/krp-0193_b04/krp-0193_b04-0019.TIF","krp-0193_b04-0019.TIF","Signature","Done","28827664","File","tif","2026-09-23T07:28:47","false","","1","fmt/353","image/tiff","Tagged Image File Format",""
"123","99","file:/data/krp-0193_b/krp-0193_b04/krp-0193_b04-0020.TIF","/data/krp-0193_b/krp-0193_b04/krp-0193_b04-0020.TIF","krp-0193_b04-0020.TIF","Signature","Done","27230134","File","tif","2026-09-23T07:28:50","false","","1","fmt/353","image/tiff","Tagged Image File Format",""
"124","99","file:/data/krp-0193_b/krp-0193_b04/krp-0193_b04-0021.TIF","/data/krp-0193_b/krp-0193_b04/krp-0193_b04-0021.TIF","krp-0193_b04-0021.TIF","Signature","Done","30960300","File","tif","2026-09-23T07:28:53","false","","1","fmt/353","image/tiff","Tagged Image File Format",""
"125","99","file:/data/krp-0193_b/krp-0193_b04/krp-0193_b04-0022.TIF","/data/krp-0193_b/krp-0193_b04/krp-0193_b04-0022.TIF","krp-0193_b04-0022.TIF","Signature","Done","28780636","File","tif","2026-09-23T07:28:57","false","","1","fmt/353","image/tiff","Tagged Image File Format",""
"126","99","file:/data/krp-0193_b/krp-0193_b04/krp-0193_b04-0023.TIF","/data/krp-0193_b/krp-0193_b04/krp-0193_b04-0023.TIF","krp-0193_b04-0023.TIF","Signature","Done","24476120","File","tif","2026-09-23T07:29:00","false","","1","fmt/353","image/tiff","Tagged Image File Format",""
"127","99","file:/data/krp-0193_b/krp-0193_b04/krp-0193_b04-0024.TIF","/data/krp-0193_b/krp-0193_b04/krp-0193_b04-0024.TIF","krp-0193_b04-0024.TIF","Signature","Done","28381094","File","tif","2026-09-23T07:29:04","false","","1","fmt/353","image/tiff","Tagged Image File Format",""
"128","99","file:/data/krp-0193_b/krp-0193_b04/krp-0193_b04-0025.TIF","/data/krp-0193_b/krp-0193_b04/krp-0193_b04-0025.TIF","krp-0193_b04-0025.TIF","Signature","Done","23935644","File","tif","2026-09-23T07:29:07","false","","1","fmt/353","image/tiff","Tagged Image File Format",""
"129","42","file:/data/krp-0193_b/krp-0193_b05/","/data/krp-0193_b/krp-0193_b05","krp-0193_b05","","Done","","Folder","","2026-09-23T07:29:36","false","",""
"130","99","file:/data/krp-0193_b/krp-0193_b04/krp-0193_b04-0026.TIF","/data/krp-0193_b/krp-0193_b04/krp-0193_b04-0026.TIF","krp-0193_b04-0026.TIF","Signature","Done","25743968","File","tif","2026-09-23T07:29:10","false","","1","fmt/353","image/tiff","Tagged Image File Format",""
"131","99","file:/data/krp-0193_b/krp-0193_b04/krp-0193_b04-0027.TIF","/data/krp-0193_b/krp-0193_b04/krp-0193_b04-0027.TIF","krp-0193_b04-0027.TIF","Signature","Done","27899786","File","tif","2026-09-23T07:29:13","false","","1","fmt/353","image/tiff","Tagged Image File Format",""
"132","99","file:/data/krp-0193_b/krp-0193_b04/krp-0193_b04-0028.TIF","/data/krp-0193_b/krp-0193_b04/krp-0193_b04-0028.TIF","krp-0193_b04-0028.TIF","Signature","Done","26984534","File","tif","2026-09-23T07:29:17","false","","1","fmt/353","image/tiff","Tagged Image File Format",""
"133","129","file:/data/krp-0193_b/krp-0193_b05/krp-0193_b05-0001.TIF","/data/krp-0193_b/krp-0193_b05/krp-0193_b05-0001.TIF","krp-0193_b05-0001.TIF","Signature","Done","20085836","File","tif","2026-09-23T07:29:20","false","","1","fmt/353","image/tiff","Tagged Image File Format",""
"134","129","file:/data/krp-0193_b/krp-0193_b05/krp-0193_b05-0002.TIF","/data/krp-0193_b/krp-0193_b05/krp-0193_b05-0002.TIF","krp-0193_b05-0002.TIF","Signature","Done","19806974","File","tif","2026-09-23T07:29:22","false","","1","fmt/353","image/tiff","Tagged Image File Format",""
"135","42","file:/data/krp-0193_b/krp-0193_b06/","/data/krp-0193_b/krp-0193_b06","krp-0193_b06","","Done","","Folder","","2026-09-23T07:29:45","false","",""
"136","129","file:/data/krp-0193_b/krp-0193_b05/krp-0193_b05-0003.TIF","/data/krp-0193_b/krp-0193_b05/krp-0193_b05-0003.TIF","krp-0193_b05-0003.TIF","Signature","Done","20450288","File","tif","2026-09-23T07:29:25","false","","1","fmt/353","image/tiff","Tagged Image File Format",""
"137","129","file:/data/krp-0193_b/krp-0193_b05/krp-0193_b05-0004.TIF","/data/krp-0193_b/krp-0193_b05/krp-0193_b05-0004.TIF","krp-0193_b05-0004.TIF","Signature","Done","19911724","File","tif","2026-09-23T07:29:28","false","","1","fmt/353","image/tiff","Tagged Image File Format",""
"138","129","file:/data/krp-0193_b/krp-0193_b05/krp-0193_b05-0005.TIF","/data/krp-0193_b/krp-0193_b05/krp-0193_b05-0005.TIF","krp-0193_b05-0005.TIF","Signature","Done","19333192","File","tif","2026-09-23T07:29:31","false","","1","fmt/353","image/tiff","Tagged Image File Format",""
"139","129","file:/data/krp-0193_b/krp-0193_b05/krp-0193_b05-0006.TIF","/data/krp-0193_b/krp-0193_b05/krp-0193_b05-0006.TIF","krp-0193_b05-0006.TIF","Signature","Done","19724222","File","tif","2026-09-23T07:29:34","false","","1","fmt/353","image/tiff","Tagged Image File Format",""
"140","129","file:/data/krp-0193_b/krp-0193_b05/krp-0193_b05-0007.TIF","/data/krp-0193_b/krp-0193_b05/krp-0193_b05-0007.TIF","krp-0193_b05-0007.TIF","Signature","Done","17194584","File","tif","2026-09-23T07:29:36","false","","1","fmt/353","image/tiff","Tagged Image File Format",""
"141","42","file:/data/krp-0193_b/krp-0193_b07/","/data/krp-0193_b/krp-0193_b07","krp-0193_b07","","Done","","Folder","","2026-09-23T07:30:23","false","",""
"142","135","file:/data/krp-0193_b/krp-0193_b06/krp-0193_b06-0001.TIF","/data/krp-0193_b/krp-0193_b06/krp-0193_b06-0001.TIF","krp-0193_b06-0001.TIF","Signature","Done","19498598","File","tif","2026-09-23T07:29:39","false","","1","fmt/353","image/tiff","Tagged Image File Format",""
"143","135","file:/data/krp-0193_b/krp-0193_b06/krp-0193_b06-0002.TIF","/data/krp-0193_b/krp-0193_b06/krp-0193_b06-0002.TIF","krp-0193_b06-0002.TIF","Signature","Done","19586904","File","tif","2026-09-23T07:29:42","false","","1","fmt/353","image/tiff","Tagged Image File Format",""
"144","135","file:/data/krp-0193_b/krp-0193_b06/krp-0193_b06-0003.TIF","/data/krp-0193_b/krp-0193_b06/krp-0193_b06-0003.TIF","krp-0193_b06-0003.TIF","Signature","Done","19240572","File","tif","2026-09-23T07:29:45","false","","1","fmt/353","image/tiff","Tagged Image File Format",""
"145","141","file:/data/krp-0193_b/krp-0193_b07/krp-0193_b07-0001.TIF","/data/krp-0193_b/krp-0193_b07/krp-0193_b07-0001.TIF","krp-0193_b07-0001.TIF","Signature","Done","31692760","File","tif","2026-09-23T07:29:48","false","","1","fmt/353","image/tiff","Tagged Image File Format",""
"146","141","file:/data/krp-0193_b/krp-0193_b07/krp-0193_b07-0002.TIF","/data/krp-0193_b/krp-0193_b07/krp-0193_b07-0002.TIF","krp-0193_b07-0002.TIF","Signature","Done","32130848","File","tif","2026-09-23T07:29:52","false","","1","fmt/353","image/tiff","Tagged Image File Format",""
"147","141","file:/data/krp-0193_b/krp-0193_b07/krp-0193_b07-0003.TIF","/data/krp-0193_b/krp-0193_b07/krp-0193_b07-0003.TIF","krp-0193_b07-0003.TIF","Signature","Done","31758904","File","tif","2026-09-23T07:29:55","false","","1","fmt/353","image/tiff","Tagged Image File Format",""
"148","141","file:/data/krp-0193_b/krp-0193_b07/krp-0193_b07-0004.TIF","/data/krp-0193_b/krp-0193_b07/krp-0193_b07-0004.TIF","krp-0193_b07-0004.TIF","Signature","Done","31728010","File","tif","2026-09-23T07:29:59","false","","1","fmt/353","image/tiff","Tagged Image File Format",""
"149","141","file:/data/krp-0193_b/krp-0193_b07/krp-0193_b07-0005.TIF","/data/krp-0193_b/krp-0193_b07/krp-0193_b07-0005.TIF","krp-0193_b07-0005.TIF","Signature","Done","32181850","File","tif","2026-09-23T07:30:03","false","","1","fmt/353","image/tiff","Tagged Image File Format",""
"150","141","file:/data/krp-0193_b/krp-0193_b07/krp-0193_b07-0006.TIF","/data/krp-0193_b/krp-0193_b07/krp-0193_b07-0006.TIF","krp-0193_b07-0006.TIF","Signature","Done","32541770","File","tif","2026-09-23T07:30:06","false","","1","fmt/353","image/tiff","Tagged Image File Format",""
"151","141","file:/data/krp-0193_b/krp-0193_b07/krp-0193_b07-0007.TIF","/data/krp-0193_b/krp-0193_b07/krp-0193_b07-0007.TIF","krp-0193_b07-0007.TIF","Signature","Done","31107712","File","tif","2026-09-23T07:30:10","false","","1","fmt/353","image/tiff","Tagged Image File Format",""
"152","42","file:/data/krp-0193_b/krp-0193_b08/","/data/krp-0193_b/krp-0193_b08","krp-0193_b08","","Done","","Folder","","2026-09-23T07:30:37","false","",""
"153","141","file:/data/krp-0193_b/krp-0193_b07/krp-0193_b07-0008.TIF","/data/krp-0193_b/krp-0193_b07/krp-0193_b07-0008.TIF","krp-0193_b07-0008.TIF","Signature","Done","31066718","File","tif","2026-09-23T07:30:14","false","","1","fmt/353","image/tiff","Tagged Image File Format",""
"154","141","file:/data/krp-0193_b/krp-0193_b07/krp-0193_b07-0009.TIF","/data/krp-0193_b/krp-0193_b07/krp-0193_b07-0009.TIF","krp-0193_b07-0009.TIF","Signature","Done","27203106","File","tif","2026-09-23T07:30:17","false","","1","fmt/353","image/tiff","Tagged Image File Format",""
"155","141","file:/data/krp-0193_b/krp-0193_b07/krp-0193_b07-0010.TIF","/data/krp-0193_b/krp-0193_b07/krp-0193_b07-0010.TIF","krp-0193_b07-0010.TIF","Signature","Done","27166096","File","tif","2026-09-23T07:30:20","false","","1","fmt/353","image/tiff","Tagged Image File Format",""
"156","141","file:/data/krp-0193_b/krp-0193_b07/krp-0193_b07-0011.TIF","/data/krp-0193_b/krp-0193_b07/krp-0193_b07-0011.TIF","krp-0193_b07-0011.TIF","Signature","Done","25862872","File","tif","2026-09-23T07:30:23","false","","1","fmt/353","image/tiff","Tagged Image File Format",""
"157","42","file:/data/krp-0193_b/krp-0193_b09/","/data/krp-0193_b/krp-0193_b09","krp-0193_b09","","Done","","Folder","","2026-09-23T07:33:16","false","",""
"158","152","file:/data/krp-0193_b/krp-0193_b08/krp-0193_b08-0001.TIF","/data/krp-0193_b/krp-0193_b08/krp-0193_b08-0001.TIF","krp-0193_b08-0001.TIF","Signature","Done","21960548","File","tif","2026-09-23T07:30:26","false","","1","fmt/353","image/tiff","Tagged Image File Format",""
"159","152","file:/data/krp-0193_b/krp-0193_b08/krp-0193_b08-0002.TIF","/data/krp-0193_b/krp-0193_b08/krp-0193_b08-0002.TIF","krp-0193_b08-0002.TIF","Signature","Done","29521748","File","tif","2026-09-23T07:30:30","false","","1","fmt/353","image/tiff","Tagged Image File Format",""
"160","152","file:/data/krp-0193_b/krp-0193_b08/krp-0193_b08-0003.TIF","/data/krp-0193_b/krp-0193_b08/krp-0193_b08-0003.TIF","krp-0193_b08-0003.TIF","Signature","Done","29660956","File","tif","2026-09-23T07:30:33","false","","1","fmt/353","image/tiff","Tagged Image File Format",""
"161","152","file:/data/krp-0193_b/krp-0193_b08/krp-0193_b08-0004.TIF","/data/krp-0193_b/krp-0193_b08/krp-0193_b08-0004.TIF","krp-0193_b08-0004.TIF","Signature","Done","29260586","File","tif","2026-09-23T07:30:37","false","","1","fmt/353","image/tiff","Tagged Image File Format",""
"162","157","file:/data/krp-0193_b/krp-0193_b09/krp-0193_b09-0001.TIF","/data/krp-0193_b/krp-0193_b09/krp-0193_b09-0001.TIF","krp-0193_b09-0001.TIF","Signature","Done","23596074","File","tif","2026-09-23T07:30:40","false","","1","fmt/353","image/tiff","Tagged Image File Format",""
"163","157","file:/data/krp-0193_b/krp-0193_b09/krp-0193_b09-0002.TIF","/data/krp-0193_b/krp-0193_b09/krp-0193_b09-0002.TIF","krp-0193_b09-0002.TIF","Signature","Done","21410020","File","tif","2026-09-23T07:30:43","false","","1","fmt/353","image/tiff","Tagged Image File Format",""
"164","157","file:/data/krp-0193_b/krp-0193_b09/krp-0193_b09-0003.TIF","/data/krp-0193_b/krp-0193_b09/krp-0193_b09-0003.TIF","krp-0193_b09-0003.TIF","Signature","Done","23396928","File","tif","2026-09-23T07:30:46","false","","1","fmt/353","image/tiff","Tagged Image File Format",""
"165","157","file:/data/krp-0193_b/krp-0193_b09/krp-0193_b09-0004.TIF","/data/krp-0193_b/krp-0193_b09/krp-0193_b09-0004.TIF","krp-0193_b09-0004.TIF","Signature","Done","22685654","File","tif","2026-09-23T07:30:49","false","","1","fmt/353","image/tiff","Tagged Image File Format",""
"166","157","file:/data/krp-0193_b/krp-0193_b09/krp-0193_b09-0005.TIF","/data/krp-0193_b/krp-0193_b09/krp-0193_b09-0005.TIF","krp-0193_b09-0005.TIF","Signature","Done","23222864","File","tif","2026-09-23T07:30:53","false","","1","fmt/353","image/tiff","Tagged Image File Format",""
"167","157","file:/data/krp-0193_b/krp-0193_b09/krp-0193_b09-0006.TIF","/data/krp-0193_b/krp-0193_b09/krp-0193_b09-0006.TIF","krp-0193_b09-0006.TIF","Signature","Done","20856410","File","tif","2026-09-23T07:30:56","false","","1","fmt/353","image/tiff","Tagged Image File Format",""
"168","157","file:/data/krp-0193_b/krp-0193_b09/krp-0193_b09-0007.TIF","/data/krp-0193_b/krp-0193_b09/krp-0193_b09-0007.TIF","krp-0193_b09-0007.TIF","Signature","Done","19550900","File","tif","2026-09-23T07:30:59","false","","1","fmt/353","image/tiff","Tagged Image File Format",""
"169","157","file:/data/krp-0193_b/krp-0193_b09/krp-0193_b09-0008.TIF","/data/krp-0193_b/krp-0193_b09/krp-0193_b09-0008.TIF","krp-0193_b09-0008.TIF","Signature","Done","21404386","File","tif","2026-09-23T07:31:02","false","","1","fmt/353","image/tiff","Tagged Image File Format",""
"170","157","file:/data/krp-0193_b/krp-0193_b09/krp-0193_b09-0009.TIF","/data/krp-0193_b/krp-0193_b09/krp-0193_b09-0009.TIF","krp-0193_b09-0009.TIF","Signature","Done","21632518","File","tif","2026-09-23T07:31:05","false","","1","fmt/353","image/tiff","Tagged Image File Format",""
"171","157","file:/data/krp-0193_b/krp-0193_b09/krp-0193_b09-0010.TIF","/data/krp-0193_b/krp-0193_b09/krp-0193_b09-0010.TIF","krp-0193_b09-0010.TIF","Signature","Done","21938896","File","tif","2026-09-23T07:31:08","false","","1","fmt/353","image/tiff","Tagged Image File Format",""
"172","157","file:/data/krp-0193_b/krp-0193_b09/krp-0193_b09-0011.TIF","/data/krp-0193_b/krp-0193_b09/krp-0193_b09-0011.TIF","krp-0193_b09-0011.TIF","Signature","Done","19575208","File","tif","2026-09-23T07:31:10","false","","1","fmt/353","image/tiff","Tagged Image File Format",""
"173","157","file:/data/krp-0193_b/krp-0193_b09/krp-0193_b09-0012.TIF","/data/krp-0193_b/krp-0193_b09/krp-0193_b09-0012.TIF","krp-0193_b09-0012.TIF","Signature","Done","19078252","File","tif","2026-09-23T07:31:13","false","","1","fmt/353","image/tiff","Tagged Image File Format",""
"174","157","file:/data/krp-0193_b/krp-0193_b09/krp-0193_b09-0013.TIF","/data/krp-0193_b/krp-0193_b09/krp-0193_b09-0013.TIF","krp-0193_b09-0013.TIF","Signature","Done","37934732","File","tif","2026-09-23T07:31:18","false","","1","fmt/353","image/tiff","Tagged Image File Format",""
"175","157","file:/data/krp-0193_b/krp-0193_b09/krp-0193_b09-0014.TIF","/data/krp-0193_b/krp-0193_b09/krp-0193_b09-0014.TIF","krp-0193_b09-0014.TIF","Signature","Done","26499168","File","tif","2026-09-23T07:31:22","false","","1","fmt/353","image/tiff","Tagged Image File Format",""
"176","157","file:/data/krp-0193_b/krp-0193_b09/krp-0193_b09-0015.TIF","/data/krp-0193_b/krp-0193_b09/krp-0193_b09-0015.TIF","krp-0193_b09-0015.TIF","Signature","Done","20962952","File","tif","2026-09-23T07:31:24","false","","1","fmt/353","image/tiff","Tagged Image File Format",""
"177","157","file:/data/krp-0193_b/krp-0193_b09/krp-0193_b09-0016.TIF","/data/krp-0193_b/krp-0193_b09/krp-0193_b09-0016.TIF","krp-0193_b09-0016.TIF","Signature","Done","24106716","File","tif","2026-09-23T07:31:27","false","","1","fmt/353","image/tiff","Tagged Image File Format",""
"178","157","file:/data/krp-0193_b/krp-0193_b09/krp-0193_b09-0017.TIF","/data/krp-0193_b/krp-0193_b09/krp-0193_b09-0017.TIF","krp-0193_b09-0017.TIF","Signature","Done","24421280","File","tif","2026-09-23T07:31:30","false","","1","fmt/353","image/tiff","Tagged Image File Format",""
"179","157","file:/data/krp-0193_b/krp-0193_b09/krp-0193_b09-0018.TIF","/data/krp-0193_b/krp-0193_b09/krp-0193_b09-0018.TIF","krp-0193_b09-0018.TIF","Signature","Done","23423844","File","tif","2026-09-23T07:31:35","false","","1","fmt/353","image/tiff","Tagged Image File Format",""
"180","157","file:/data/krp-0193_b/krp-0193_b09/krp-0193_b09-0019.TIF","/data/krp-0193_b/krp-0193_b09/krp-0193_b09-0019.TIF","krp-0193_b09-0019.TIF","Signature","Done","23510496","File","tif","2026-09-23T07:31:37","false","","1","fmt/353","image/tiff","Tagged Image File Format",""
"181","157","file:/data/krp-0193_b/krp-0193_b09/krp-0193_b09-0020.TIF","/data/krp-0193_b/krp-0193_b09/krp-0193_b09-0020.TIF","krp-0193_b09-0020.TIF","Signature","Done","23393356","File","tif","2026-09-23T07:31:40","false","","1","fmt/353","image/tiff","Tagged Image File Format",""
"182","157","file:/data/krp-0193_b/krp-0193_b09/krp-0193_b09-0021.TIF","/data/krp-0193_b/krp-0193_b09/krp-0193_b09-0021.TIF","krp-0193_b09-0021.TIF","Signature","Done","24209714","File","tif","2026-09-23T07:31:43","false","","1","fmt/353","image/tiff","Tagged Image File Format",""
"183","157","file:/data/krp-0193_b/krp-0193_b09/krp-0193_b09-0022.TIF","/data/krp-0193_b/krp-0193_b09/krp-0193_b09-0022.TIF","krp-0193_b09-0022.TIF","Signature","Done","24267312","File","tif","2026-09-23T07:31:47","false","","1","fmt/353","image/tiff","Tagged Image File Format",""
"184","157","file:/data/krp-0193_b/krp-0193_b09/krp-0193_b09-0023.TIF","/data/krp-0193_b/krp-0193_b09/krp-0193_b09-0023.TIF","krp-0193_b09-0023.TIF","Signature","Done","24636892","File","tif","2026-09-23T07:31:50","false","","1","fmt/353","image/tiff","Tagged Image File Format",""
"185","157","file:/data/krp-0193_b/krp-0193_b09/krp-0193_b09-0024.TIF","/data/krp-0193_b/krp-0193_b09/krp-0193_b09-0024.TIF","krp-0193_b09-0024.TIF","Signature","Done","23081520","File","tif","2026-09-23T07:31:54","false","","1","fmt/353","image/tiff","Tagged Image File Format",""
"186","157","file:/data/krp-0193_b/krp-0193_b09/krp-0193_b09-0025.TIF","/data/krp-0193_b/krp-0193_b09/krp-0193_b09-0025.TIF","krp-0193_b09-0025.TIF","Signature","Done","20783554","File","tif","2026-09-23T07:31:56","false","","1","fmt/353","image/tiff","Tagged Image File Format",""
"187","157","file:/data/krp-0193_b/krp-0193_b09/krp-0193_b09-0026.TIF","/data/krp-0193_b/krp-0193_b09/krp-0193_b09-0026.TIF","krp-0193_b09-0026.TIF","Signature","Done","20618244","File","tif","2026-09-23T07:31:59","false","","1","fmt/353","image/tiff","Tagged Image File Format",""
"188","157","file:/data/krp-0193_b/krp-0193_b09/krp-0193_b09-0027.TIF","/data/krp-0193_b/krp-0193_b09/krp-0193_b09-0027.TIF","krp-0193_b09-0027.TIF","Signature","Done","21958270","File","tif","2026-09-23T07:32:02","false","","1","fmt/353","image/tiff","Tagged Image File Format",""
"189","157","file:/data/krp-0193_b/krp-0193_b09/krp-0193_b09-0028.TIF","/data/krp-0193_b/krp-0193_b09/krp-0193_b09-0028.TIF","krp-0193_b09-0028.TIF","Signature","Done","21830728","File","tif","2026-09-23T07:32:06","false","","1","fmt/353","image/tiff","Tagged Image File Format",""
"190","157","file:/data/krp-0193_b/krp-0193_b09/krp-0193_b09-0029.TIF","/data/krp-0193_b/krp-0193_b09/krp-0193_b09-0029.TIF","krp-0193_b09-0029.TIF","Signature","Done","22530550","File","tif","2026-09-23T07:32:09","false","","1","fmt/353","image/tiff","Tagged Image File Format",""
"191","157","file:/data/krp-0193_b/krp-0193_b09/krp-0193_b09-0030.TIF","/data/krp-0193_b/krp-0193_b09/krp-0193_b09-0030.TIF","krp-0193_b09-0030.TIF","Signature","Done","21568770","File","tif","2026-09-23T07:32:12","false","","1","fmt/353","image/tiff","Tagged Image File Format",""
"192","157","file:/data/krp-0193_b/krp-0193_b09/krp-0193_b09-0031.TIF","/data/krp-0193_b/krp-0193_b09/krp-0193_b09-0031.TIF","krp-0193_b09-0031.TIF","Signature","Done","22762554","File","tif","2026-09-23T07:32:15","false","","1","fmt/353","image/tiff","Tagged Image File Format",""
"193","157","file:/data/krp-0193_b/krp-0193_b09/krp-0193_b09-0032.TIF","/data/krp-0193_b/krp-0193_b09/krp-0193_b09-0032.TIF","krp-0193_b09-0032.TIF","Signature","Done","22446482","File","tif","2026-09-23T07:32:18","false","","1","fmt/353","image/tiff","Tagged Image File Format",""
"194","157","file:/data/krp-0193_b/krp-0193_b09/krp-0193_b09-0033.TIF","/data/krp-0193_b/krp-0193_b09/krp-0193_b09-0033.TIF","krp-0193_b09-0033.TIF","Signature","Done","24157406","File","tif","2026-09-23T07:32:21","false","","1","fmt/353","image/tiff","Tagged Image File Format",""
"195","157","file:/data/krp-0193_b/krp-0193_b09/krp-0193_b09-0034.TIF","/data/krp-0193_b/krp-0193_b09/krp-0193_b09-0034.TIF","krp-0193_b09-0034.TIF","Signature","Done","23239000","File","tif","2026-09-23T07:32:24","false","","1","fmt/353","image/tiff","Tagged Image File Format",""
"196","157","file:/data/krp-0193_b/krp-0193_b09/krp-0193_b09-0035.TIF","/data/krp-0193_b/krp-0193_b09/krp-0193_b09-0035.TIF","krp-0193_b09-0035.TIF","Signature","Done","25082996","File","tif","2026-09-23T07:32:28","false","","1","fmt/353","image/tiff","Tagged Image File Format",""
"197","157","file:/data/krp-0193_b/krp-0193_b09/krp-0193_b09-0036.TIF","/data/krp-0193_b/krp-0193_b09/krp-0193_b09-0036.TIF","krp-0193_b09-0036.TIF","Signature","Done","24213006","File","tif","2026-09-23T07:32:31","false","","1","fmt/353","image/tiff","Tagged Image File Format",""
"198","157","file:/data/krp-0193_b/krp-0193_b09/krp-0193_b09-0037.TIF","/data/krp-0193_b/krp-0193_b09/krp-0193_b09-0037.TIF","krp-0193_b09-0037.TIF","Signature","Done","23293044","File","tif","2026-09-23T07:32:34","false","","1","fmt/353","image/tiff","Tagged Image File Format",""
"199","157","file:/data/krp-0193_b/krp-0193_b09/krp-0193_b09-0038.TIF","/data/krp-0193_b/krp-0193_b09/krp-0193_b09-0038.TIF","krp-0193_b09-0038.TIF","Signature","Done","23021672","File","tif","2026-09-23T07:32:37","false","","1","fmt/353","image/tiff","Tagged Image File Format",""
"200","157","file:/data/krp-0193_b/krp-0193_b09/krp-0193_b09-0039.TIF","/data/krp-0193_b/krp-0193_b09/krp-0193_b09-0039.TIF","krp-0193_b09-0039.TIF","Signature","Done","19721388","File","tif","2026-09-23T07:32:39","false","","1","fmt/353","image/tiff","Tagged Image File Format",""
"201","157","file:/data/krp-0193_b/krp-0193_b09/krp-0193_b09-0040.TIF","/data/krp-0193_b/krp-0193_b09/krp-0193_b09-0040.TIF","krp-0193_b09-0040.TIF","Signature","Done","18977370","File","tif","2026-09-23T07:32:42","false","","1","fmt/353","image/tiff","Tagged Image File Format",""
"202","157","file:/data/krp-0193_b/krp-0193_b09/krp-0193_b09-0041.TIF","/data/krp-0193_b/krp-0193_b09/krp-0193_b09-0041.TIF","krp-0193_b09-0041.TIF","Signature","Done","19410130","File","tif","2026-09-23T07:32:46","false","","1","fmt/353","image/tiff","Tagged Image File Format",""
"203","157","file:/data/krp-0193_b/krp-0193_b09/krp-0193_b09-0042.TIF","/data/krp-0193_b/krp-0193_b09/krp-0193_b09-0042.TIF","krp-0193_b09-0042.TIF","Signature","Done","19888234","File","tif","2026-09-23T07:32:49","false","","1","fmt/353","image/tiff","Tagged Image File Format",""
"204","157","file:/data/krp-0193_b/krp-0193_b09/krp-0193_b09-0043.TIF","/data/krp-0193_b/krp-0193_b09/krp-0193_b09-0043.TIF","krp-0193_b09-0043.TIF","Signature","Done","23212038","File","tif","2026-09-23T07:32:52","false","","1","fmt/353","image/tiff","Tagged Image File Format",""
"205","157","file:/data/krp-0193_b/krp-0193_b09/krp-0193_b09-0044.TIF","/data/krp-0193_b/krp-0193_b09/krp-0193_b09-0044.TIF","krp-0193_b09-0044.TIF","Signature","Done","23280840","File","tif","2026-09-23T07:32:55","false","","1","fmt/353","image/tiff","Tagged Image File Format",""
"206","157","file:/data/krp-0193_b/krp-0193_b09/krp-0193_b09-0045.TIF","/data/krp-0193_b/krp-0193_b09/krp-0193_b09-0045.TIF","krp-0193_b09-0045.TIF","Signature","Done","23065328","File","tif","2026-09-23T07:32:59","false","","1","fmt/353","image/tiff","Tagged Image File Format",""
"207","42","file:/data/krp-0193_b/krp-0193_b10/","/data/krp-0193_b/krp-0193_b10","krp-0193_b10","","Done","","Folder","","2026-09-23T07:34:20","false","",""
"208","157","file:/data/krp-0193_b/krp-0193_b09/krp-0193_b09-0046.TIF","/data/krp-0193_b/krp-0193_b09/krp-0193_b09-0046.TIF","krp-0193_b09-0046.TIF","Signature","Done","23060144","File","tif","2026-09-23T07:33:02","false","","1","fmt/353","image/tiff","Tagged Image File Format",""
"209","157","file:/data/krp-0193_b/krp-0193_b09/krp-0193_b09-0047.TIF","/data/krp-0193_b/krp-0193_b09/krp-0193_b09-0047.TIF","krp-0193_b09-0047.TIF","Signature","Done","21594612","File","tif","2026-09-23T07:33:06","false","","1","fmt/353","image/tiff","Tagged Image File Format",""
"210","157","file:/data/krp-0193_b/krp-0193_b09/krp-0193_b09-0048.TIF","/data/krp-0193_b/krp-0193_b09/krp-0193_b09-0048.TIF","krp-0193_b09-0048.TIF","Signature","Done","20861910","File","tif","2026-09-23T07:33:09","false","","1","fmt/353","image/tiff","Tagged Image File Format",""
"211","157","file:/data/krp-0193_b/krp-0193_b09/krp-0193_b09-0049.TIF","/data/krp-0193_b/krp-0193_b09/krp-0193_b09-0049.TIF","krp-0193_b09-0049.TIF","Signature","Done","21856396","File","tif","2026-09-23T07:33:12","false","","1","fmt/353","image/tiff","Tagged Image File Format",""
"212","157","file:/data/krp-0193_b/krp-0193_b09/krp-0193_b09-0050.TIF","/data/krp-0193_b/krp-0193_b09/krp-0193_b09-0050.TIF","krp-0193_b09-0050.TIF","Signature","Done","21455110","File","tif","2026-09-23T07:33:16","false","","1","fmt/353","image/tiff","Tagged Image File Format",""
"213","207","file:/data/krp-0193_b/krp-0193_b10/krp-0193_b10-0001.TIF","/data/krp-0193_b/krp-0193_b10/krp-0193_b10-0001.TIF","krp-0193_b10-0001.TIF","Signature","Done","18959138","File","tif","2026-09-23T07:33:19","false","","1","fmt/353","image/tiff","Tagged Image File Format",""
"214","207","file:/data/krp-0193_b/krp-0193_b10/krp-0193_b10-0002.TIF","/data/krp-0193_b/krp-0193_b10/krp-0193_b10-0002.TIF","krp-0193_b10-0002.TIF","Signature","Done","19343246","File","tif","2026-09-23T07:33:22","false","","1","fmt/353","image/tiff","Tagged Image File Format",""
"215","207","file:/data/krp-0193_b/krp-0193_b10/krp-0193_b10-0003.TIF","/data/krp-0193_b/krp-0193_b10/krp-0193_b10-0003.TIF","krp-0193_b10-0003.TIF","Signature","Done","18495864","File","tif","2026-09-23T07:33:25","false","","1","fmt/353","image/tiff","Tagged Image File Format",""
"216","207","file:/data/krp-0193_b/krp-0193_b10/krp-0193_b10-0004.TIF","/data/krp-0193_b/krp-0193_b10/krp-0193_b10-0004.TIF","krp-0193_b10-0004.TIF","Signature","Done","18916956","File","tif","2026-09-23T07:33:28","false","","1","fmt/353","image/tiff","Tagged Image File Format",""
"217","207","file:/data/krp-0193_b/krp-0193_b10/krp-0193_b10-0005.TIF","/data/krp-0193_b/krp-0193_b10/krp-0193_b10-0005.TIF","krp-0193_b10-0005.TIF","Signature","Done","18655226","File","tif","2026-09-23T07:33:31","false","","1","fmt/353","image/tiff","Tagged Image File Format",""
"218","207","file:/data/krp-0193_b/krp-0193_b10/krp-0193_b10-0006.TIF","/data/krp-0193_b/krp-0193_b10/krp-0193_b10-0006.TIF","krp-0193_b10-0006.TIF","Signature","Done","19136874","File","tif","2026-09-23T07:33:34","false","","1","fmt/353","image/tiff","Tagged Image File Format",""
"219","207","file:/data/krp-0193_b/krp-0193_b10/krp-0193_b10-0007.TIF","/data/krp-0193_b/krp-0193_b10/krp-0193_b10-0007.TIF","krp-0193_b10-0007.TIF","Signature","Done","18801576","File","tif","2026-09-23T07:33:37","false","","1","fmt/353","image/tiff","Tagged Image File Format",""
"220","207","file:/data/krp-0193_b/krp-0193_b10/krp-0193_b10-0008.TIF","/data/krp-0193_b/krp-0193_b10/krp-0193_b10-0008.TIF","krp-0193_b10-0008.TIF","Signature","Done","19078026","File","tif","2026-09-23T07:33:40","false","","1","fmt/353","image/tiff","Tagged Image File Format",""
"221","207","file:/data/krp-0193_b/krp-0193_b10/krp-0193_b10-0009.TIF","/data/krp-0193_b/krp-0193_b10/krp-0193_b10-0009.TIF","krp-0193_b10-0009.TIF","Signature","Done","18802232","File","tif","2026-09-23T07:33:43","false","","1","fmt/353","image/tiff","Tagged Image File Format",""
"222","207","file:/data/krp-0193_b/krp-0193_b10/krp-0193_b10-0010.TIF","/data/krp-0193_b/krp-0193_b10/krp-0193_b10-0010.TIF","krp-0193_b10-0010.TIF","Signature","Done","18766202","File","tif","2026-09-23T07:33:46","false","","1","fmt/353","image/tiff","Tagged Image File Format",""
"223","207","file:/data/krp-0193_b/krp-0193_b10/krp-0193_b10-0011.TIF","/data/krp-0193_b/krp-0193_b10/krp-0193_b10-0011.TIF","krp-0193_b10-0011.TIF","Signature","Done","18544144","File","tif","2026-09-23T07:33:48","false","","1","fmt/353","image/tiff","Tagged Image File Format",""
"224","207","file:/data/krp-0193_b/krp-0193_b10/krp-0193_b10-0012.TIF","/data/krp-0193_b/krp-0193_b10/krp-0193_b10-0012.TIF","krp-0193_b10-0012.TIF","Signature","Done","19074664","File","tif","2026-09-23T07:33:51","false","","1","fmt/353","image/tiff","Tagged Image File Format",""
"225","207","file:/data/krp-0193_b/krp-0193_b10/krp-0193_b10-0013.TIF","/data/krp-0193_b/krp-0193_b10/krp-0193_b10-0013.TIF","krp-0193_b10-0013.TIF","Signature","Done","18445014","File","tif","2026-09-23T07:33:54","false","","1","fmt/353","image/tiff","Tagged Image File Format",""
"226","207","file:/data/krp-0193_b/krp-0193_b10/krp-0193_b10-0014.TIF","/data/krp-0193_b/krp-0193_b10/krp-0193_b10-0014.TIF","krp-0193_b10-0014.TIF","Signature","Done","20180084","File","tif","2026-09-23T07:33:57","false","","1","fmt/353","image/tiff","Tagged Image File Format",""
"227","207","file:/data/krp-0193_b/krp-0193_b10/krp-0193_b10-0015.TIF","/data/krp-0193_b/krp-0193_b10/krp-0193_b10-0015.TIF","krp-0193_b10-0015.TIF","Signature","Done","18415318","File","tif","2026-09-23T07:34:00","false","","1","fmt/353","image/tiff","Tagged Image File Format",""
"228","207","file:/data/krp-0193_b/krp-0193_b10/krp-0193_b10-0016.TIF","/data/krp-0193_b/krp-0193_b10/krp-0193_b10-0016.TIF","krp-0193_b10-0016.TIF","Signature","Done","18684304","File","tif","2026-09-23T07:34:03","false","","1","fmt/353","image/tiff","Tagged Image File Format",""
"229","207","file:/data/krp-0193_b/krp-0193_b10/krp-0193_b10-0017.TIF","/data/krp-0193_b/krp-0193_b10/krp-0193_b10-0017.TIF","krp-0193_b10-0017.TIF","Signature","Done","17985022","File","tif","2026-09-23T07:34:05","false","","1","fmt/353","image/tiff","Tagged Image File Format",""
"230","207","file:/data/krp-0193_b/krp-0193_b10/krp-0193_b10-0018.TIF","/data/krp-0193_b/krp-0193_b10/krp-0193_b10-0018.TIF","krp-0193_b10-0018.TIF","Signature","Done","18913910","File","tif","2026-09-23T07:34:08","false","","1","fmt/353","image/tiff","Tagged Image File Format",""
"231","42","file:/data/krp-0193_b/krp-0193_b11/","/data/krp-0193_b/krp-0193_b11","krp-0193_b11","","Done","","Folder","","2026-09-23T07:34:26","false","",""
"232","207","file:/data/krp-0193_b/krp-0193_b10/krp-0193_b10-0019.TIF","/data/krp-0193_b/krp-0193_b10/krp-0193_b10-0019.TIF","krp-0193_b10-0019.TIF","Signature","Done","18146344","File","tif","2026-09-23T07:34:11","false","","1","fmt/353","image/tiff","Tagged Image File Format",""
"233","207","file:/data/krp-0193_b/krp-0193_b10/krp-0193_b10-0020.TIF","/data/krp-0193_b/krp-0193_b10/krp-0193_b10-0020.TIF","krp-0193_b10-0020.TIF","Signature","Done","19045068","File","tif","2026-09-23T07:34:14","false","","1","fmt/353","image/tiff","Tagged Image File Format",""
"234","207","file:/data/krp-0193_b/krp-0193_b10/krp-0193_b10-0021.TIF","/data/krp-0193_b/krp-0193_b10/krp-0193_b10-0021.TIF","krp-0193_b10-0021.TIF","Signature","Done","17856128","File","tif","2026-09-23T07:34:17","false","","1","fmt/353","image/tiff","Tagged Image File Format",""
"235","42","file:/data/krp-0193_b/krp-0193_b12/","/data/krp-0193_b/krp-0193_b12","krp-0193_b12","","Done","","Folder","","2026-09-23T07:34:29","false","",""
"236","207","file:/data/krp-0193_b/krp-0193_b10/krp-0193_b10-0022.TIF","/data/krp-0193_b/krp-0193_b10/krp-0193_b10-0022.TIF","krp-0193_b10-0022.TIF","Signature","Done","18264178","File","tif","2026-09-23T07:34:20","false","","1","fmt/353","image/tiff","Tagged Image File Format",""
"237","42","file:/data/krp-0193_b/krp-0193_b13/","/data/krp-0193_b/krp-0193_b13","krp-0193_b13","","Done","","Folder","","2026-09-23T07:34:41","false","",""
"238","231","file:/data/krp-0193_b/krp-0193_b11/krp-0193_b11-0001.TIF","/data/krp-0193_b/krp-0193_b11/krp-0193_b11-0001.TIF","krp-0193_b11-0001.TIF","Signature","Done","21567336","File","tif","2026-09-23T07:34:23","false","","1","fmt/353","image/tiff","Tagged Image File Format",""
"239","231","file:/data/krp-0193_b/krp-0193_b11/krp-0193_b11-0002.TIF","/data/krp-0193_b/krp-0193_b11/krp-0193_b11-0002.TIF","krp-0193_b11-0002.TIF","Signature","Done","22315308","File","tif","2026-09-23T07:34:26","false","","1","fmt/353","image/tiff","Tagged Image File Format",""
"240","42","file:/data/krp-0193_b/krp-0193_b14/","/data/krp-0193_b/krp-0193_b14","krp-0193_b14","","Done","","Folder","","2026-09-23T07:34:46","false","",""
"241","235","file:/data/krp-0193_b/krp-0193_b12/krp-0193_b12-0001.TIF","/data/krp-0193_b/krp-0193_b12/krp-0193_b12-0001.TIF","krp-0193_b12-0001.TIF","Signature","Done","21351612","File","tif","2026-09-23T07:34:29","false","","1","fmt/353","image/tiff","Tagged Image File Format",""
"242","237","file:/data/krp-0193_b/krp-0193_b13/krp-0193_b13-0001.TIF","/data/krp-0193_b/krp-0193_b13/krp-0193_b13-0001.TIF","krp-0193_b13-0001.TIF","Signature","Done","19856336","File","tif","2026-09-23T07:34:32","false","","1","fmt/353","image/tiff","Tagged Image File Format",""
"243","237","file:/data/krp-0193_b/krp-0193_b13/krp-0193_b13-0002.TIF","/data/krp-0193_b/krp-0193_b13/krp-0193_b13-0002.TIF","krp-0193_b13-0002.TIF","Signature","Done","19841708","File","tif","2026-09-23T07:34:35","false","","1","fmt/353","image/tiff","Tagged Image File Format",""
"244","237","file:/data/krp-0193_b/krp-0193_b13/krp-0193_b13-0003.TIF","/data/krp-0193_b/krp-0193_b13/krp-0193_b13-0003.TIF","krp-0193_b13-0003.TIF","Signature","Done","19710626","File","tif","2026-09-23T07:34:38","false","","1","fmt/353","image/tiff","Tagged Image File Format",""
"245","42","file:/data/krp-0193_b/krp-0193_b15/","/data/krp-0193_b/krp-0193_b15","krp-0193_b15","","Done","","Folder","","2026-09-23T07:34:52","false","",""
"246","237","file:/data/krp-0193_b/krp-0193_b13/krp-0193_b13-0004.TIF","/data/krp-0193_b/krp-0193_b13/krp-0193_b13-0004.TIF","krp-0193_b13-0004.TIF","Signature","Done","18418328","File","tif","2026-09-23T07:34:41","false","","1","fmt/353","image/tiff","Tagged Image File Format",""
"247","42","file:/data/krp-0193_b/krp-0193_b16/","/data/krp-0193_b/krp-0193_b16","krp-0193_b16","","Done","","Folder","","2026-09-23T07:34:58","false","",""
"248","240","file:/data/krp-0193_b/krp-0193_b14/krp-0193_b14-0001.TIF","/data/krp-0193_b/krp-0193_b14/krp-0193_b14-0001.TIF","krp-0193_b14-0001.TIF","Signature","Done","20619570","File","tif","2026-09-23T07:34:43","false","","1","fmt/353","image/tiff","Tagged Image File Format",""
"249","240","file:/data/krp-0193_b/krp-0193_b14/krp-0193_b14-0002.TIF","/data/krp-0193_b/krp-0193_b14/krp-0193_b14-0002.TIF","krp-0193_b14-0002.TIF","Signature","Done","20571578","File","tif","2026-09-23T07:34:46","false","","1","fmt/353","image/tiff","Tagged Image File Format",""
"250","245","file:/data/krp-0193_b/krp-0193_b15/krp-0193_b15-0001.TIF","/data/krp-0193_b/krp-0193_b15/krp-0193_b15-0001.TIF","krp-0193_b15-0001.TIF","Signature","Done","19825694","File","tif","2026-09-23T07:34:49","false","","1","fmt/353","image/tiff","Tagged Image File Format",""
"251","42","file:/data/krp-0193_b/krp-0193_b17/","/data/krp-0193_b/krp-0193_b17","krp-0193_b17","","Done","","Folder","","2026-09-23T07:35:04","false","",""
"252","245","file:/data/krp-0193_b/krp-0193_b15/krp-0193_b15-0002.TIF","/data/krp-0193_b/krp-0193_b15/krp-0193_b15-0002.TIF","krp-0193_b15-0002.TIF","Signature","Done","18750918","File","tif","2026-09-23T07:34:52","false","","1","fmt/353","image/tiff","Tagged Image File Format",""
"253","247","file:/data/krp-0193_b/krp-0193_b16/krp-0193_b16-0001.TIF","/data/krp-0193_b/krp-0193_b16/krp-0193_b16-0001.TIF","krp-0193_b16-0001.TIF","Signature","Done","23486750","File","tif","2026-09-23T07:34:55","false","","1","fmt/353","image/tiff","Tagged Image File Format",""
"254","42","file:/data/krp-0193_b/krp-0193_b18/","/data/krp-0193_b/krp-0193_b18","krp-0193_b18","","Done","","Folder","","2026-09-23T07:35:16","false","",""
"255","247","file:/data/krp-0193_b/krp-0193_b16/krp-0193_b16-0002.TIF","/data/krp-0193_b/krp-0193_b16/krp-0193_b16-0002.TIF","krp-0193_b16-0002.TIF","Signature","Done","21946156","File","tif","2026-09-23T07:34:58","false","","1","fmt/353","image/tiff","Tagged Image File Format",""
"256","251","file:/data/krp-0193_b/krp-0193_b17/krp-0193_b17-0001.TIF","/data/krp-0193_b/krp-0193_b17/krp-0193_b17-0001.TIF","krp-0193_b17-0001.TIF","Signature","Done","19624376","File","tif","2026-09-23T07:35:01","false","","1","fmt/353","image/tiff","Tagged Image File Format",""
"257","1","file:/data/krp-0193_k/","/data/krp-0193_k","krp-0193_k","","Done","","Folder","","2026-09-23T07:38:48","false","",""
"258","251","file:/data/krp-0193_b/krp-0193_b17/krp-0193_b17-0002.TIF","/data/krp-0193_b/krp-0193_b17/krp-0193_b17-0002.TIF","krp-0193_b17-0002.TIF","Signature","Done","20511736","File","tif","2026-09-23T07:35:04","false","","1","fmt/353","image/tiff","Tagged Image File Format",""
"259","254","file:/data/krp-0193_b/krp-0193_b18/krp-0193_b18-0001.TIF","/data/krp-0193_b/krp-0193_b18/krp-0193_b18-0001.TIF","krp-0193_b18-0001.TIF","Signature","Done","23064176","File","tif","2026-09-23T07:35:07","false","","1","fmt/353","image/tiff","Tagged Image File Format",""
"260","254","file:/data/krp-0193_b/krp-0193_b18/krp-0193_b18-0002.TIF","/data/krp-0193_b/krp-0193_b18/krp-0193_b18-0002.TIF","krp-0193_b18-0002.TIF","Signature","Done","23323968","File","tif","2026-09-23T07:35:10","false","","1","fmt/353","image/tiff","Tagged Image File Format",""
"261","254","file:/data/krp-0193_b/krp-0193_b18/krp-0193_b18-0003.TIF","/data/krp-0193_b/krp-0193_b18/krp-0193_b18-0003.TIF","krp-0193_b18-0003.TIF","Signature","Done","23189938","File","tif","2026-09-23T07:35:13","false","","1","fmt/353","image/tiff","Tagged Image File Format",""
"262","254","file:/data/krp-0193_b/krp-0193_b18/krp-0193_b18-0004.TIF","/data/krp-0193_b/krp-0193_b18/krp-0193_b18-0004.TIF","krp-0193_b18-0004.TIF","Signature","Done","22936566","File","tif","2026-09-23T07:35:16","false","","1","fmt/353","image/tiff","Tagged Image File Format",""
"263","257","file:/data/krp-0193_k/krp-0193_k-0001.TIF","/data/krp-0193_k/krp-0193_k-0001.TIF","krp-0193_k-0001.TIF","Signature","Done","20608402","File","tif","2026-09-23T07:35:20","false","","1","fmt/353","image/tiff","Tagged Image File Format",""
"264","257","file:/data/krp-0193_k/krp-0193_k-0002.TIF","/data/krp-0193_k/krp-0193_k-0002.TIF","krp-0193_k-0002.TIF","Signature","Done","21183358","File","tif","2026-09-23T07:35:23","false","","1","fmt/353","image/tiff","Tagged Image File Format",""
"265","257","file:/data/krp-0193_k/krp-0193_k-0003.TIF","/data/krp-0193_k/krp-0193_k-0003.TIF","krp-0193_k-0003.TIF","Signature","Done","18980434","File","tif","2026-09-23T07:35:25","false","","1","fmt/353","image/tiff","Tagged Image File Format",""
"266","257","file:/data/krp-0193_k/krp-0193_k-0004.TIF","/data/krp-0193_k/krp-0193_k-0004.TIF","krp-0193_k-0004.TIF","Signature","Done","20970240","File","tif","2026-09-23T07:35:28","false","","1","fmt/353","image/tiff","Tagged Image File Format",""
"267","257","file:/data/krp-0193_k/krp-0193_k-0005.TIF","/data/krp-0193_k/krp-0193_k-0005.TIF","krp-0193_k-0005.TIF","Signature","Done","21216596","File","tif","2026-09-23T07:35:31","false","","1","fmt/353","image/tiff","Tagged Image File Format",""
"268","257","file:/data/krp-0193_k/krp-0193_k-0006.TIF","/data/krp-0193_k/krp-0193_k-0006.TIF","krp-0193_k-0006.TIF","Signature","Done","20193764","File","tif","2026-09-23T07:35:34","false","","1","fmt/353","image/tiff","Tagged Image File Format",""
"269","257","file:/data/krp-0193_k/krp-0193_k-0007.TIF","/data/krp-0193_k/krp-0193_k-0007.TIF","krp-0193_k-0007.TIF","Signature","Done","21710828","File","tif","2026-09-23T07:35:37","false","","1","fmt/353","image/tiff","Tagged Image File Format",""
"270","257","file:/data/krp-0193_k/krp-0193_k-0008.TIF","/data/krp-0193_k/krp-0193_k-0008.TIF","krp-0193_k-0008.TIF","Signature","Done","20750652","File","tif","2026-09-23T07:35:40","false","","1","fmt/353","image/tiff","Tagged Image File Format",""
"271","257","file:/data/krp-0193_k/krp-0193_k-0009.TIF","/data/krp-0193_k/krp-0193_k-0009.TIF","krp-0193_k-0009.TIF","Signature","Done","22081924","File","tif","2026-09-23T07:35:42","false","","1","fmt/353","image/tiff","Tagged Image File Format",""
"272","257","file:/data/krp-0193_k/krp-0193_k-0010.TIF","/data/krp-0193_k/krp-0193_k-0010.TIF","krp-0193_k-0010.TIF","Signature","Done","22208624","File","tif","2026-09-23T07:35:45","false","","1","fmt/353","image/tiff","Tagged Image File Format",""
"273","257","file:/data/krp-0193_k/krp-0193_k-0011.TIF","/data/krp-0193_k/krp-0193_k-0011.TIF","krp-0193_k-0011.TIF","Signature","Done","22508310","File","tif","2026-09-23T07:35:48","false","","1","fmt/353","image/tiff","Tagged Image File Format",""
"274","257","file:/data/krp-0193_k/krp-0193_k-0012.TIF","/data/krp-0193_k/krp-0193_k-0012.TIF","krp-0193_k-0012.TIF","Signature","Done","22776670","File","tif","2026-09-23T07:35:52","false","","1","fmt/353","image/tiff","Tagged Image File Format",""
"275","257","file:/data/krp-0193_k/krp-0193_k-0013.TIF","/data/krp-0193_k/krp-0193_k-0013.TIF","krp-0193_k-0013.TIF","Signature","Done","21457882","File","tif","2026-09-23T07:35:55","false","","1","fmt/353","image/tiff","Tagged Image File Format",""
"276","257","file:/data/krp-0193_k/krp-0193_k-0014.TIF","/data/krp-0193_k/krp-0193_k-0014.TIF","krp-0193_k-0014.TIF","Signature","Done","21793670","File","tif","2026-09-23T07:35:58","false","","1","fmt/353","image/tiff","Tagged Image File Format",""
"277","257","file:/data/krp-0193_k/krp-0193_k-0015.TIF","/data/krp-0193_k/krp-0193_k-0015.TIF","krp-0193_k-0015.TIF","Signature","Done","21070594","File","tif","2026-09-23T07:36:01","false","","1","fmt/353","image/tiff","Tagged Image File Format",""
"278","257","file:/data/krp-0193_k/krp-0193_k-0016.TIF","/data/krp-0193_k/krp-0193_k-0016.TIF","krp-0193_k-0016.TIF","Signature","Done","29834180","File","tif","2026-09-23T07:36:04","false","","1","fmt/353","image/tiff","Tagged Image File Format",""
"279","257","file:/data/krp-0193_k/krp-0193_k-0017.TIF","/data/krp-0193_k/krp-0193_k-0017.TIF","krp-0193_k-0017.TIF","Signature","Done","21746466","File","tif","2026-09-23T07:36:08","false","","1","fmt/353","image/tiff","Tagged Image File Format",""
"280","257","file:/data/krp-0193_k/krp-0193_k-0018.TIF","/data/krp-0193_k/krp-0193_k-0018.TIF","krp-0193_k-0018.TIF","Signature","Done","19074048","File","tif","2026-09-23T07:36:10","false","","1","fmt/353","image/tiff","Tagged Image File Format",""
"281","257","file:/data/krp-0193_k/krp-0193_k-0019.TIF","/data/krp-0193_k/krp-0193_k-0019.TIF","krp-0193_k-0019.TIF","Signature","Done","18383512","File","tif","2026-09-23T07:36:13","false","","1","fmt/353","image/tiff","Tagged Image File Format",""
"282","257","file:/data/krp-0193_k/krp-0193_k-0020.TIF","/data/krp-0193_k/krp-0193_k-0020.TIF","krp-0193_k-0020.TIF","Signature","Done","20060858","File","tif","2026-09-23T07:36:16","false","","1","fmt/353","image/tiff","Tagged Image File Format",""
"283","257","file:/data/krp-0193_k/krp-0193_k-0021.TIF","/data/krp-0193_k/krp-0193_k-0021.TIF","krp-0193_k-0021.TIF","Signature","Done","21439254","File","tif","2026-09-23T07:36:19","false","","1","fmt/353","image/tiff","Tagged Image File Format",""
"284","257","file:/data/krp-0193_k/krp-0193_k-0022.TIF","/data/krp-0193_k/krp-0193_k-0022.TIF","krp-0193_k-0022.TIF","Signature","Done","20342714","File","tif","2026-09-23T07:36:22","false","","1","fmt/353","image/tiff","Tagged Image File Format",""
"285","257","file:/data/krp-0193_k/krp-0193_k-0023.TIF","/data/krp-0193_k/krp-0193_k-0023.TIF","krp-0193_k-0023.TIF","Signature","Done","20710210","File","tif","2026-09-23T07:36:25","false","","1","fmt/353","image/tiff","Tagged Image File Format",""
"286","257","file:/data/krp-0193_k/krp-0193_k-0024.TIF","/data/krp-0193_k/krp-0193_k-0024.TIF","krp-0193_k-0024.TIF","Signature","Done","20230506","File","tif","2026-09-23T07:36:28","false","","1","fmt/353","image/tiff","Tagged Image File Format",""
"287","257","file:/data/krp-0193_k/krp-0193_k-0025.TIF","/data/krp-0193_k/krp-0193_k-0025.TIF","krp-0193_k-0025.TIF","Signature","Done","20797170","File","tif","2026-09-23T07:36:32","false","","1","fmt/353","image/tiff","Tagged Image File Format",""
"288","257","file:/data/krp-0193_k/krp-0193_k-0026.TIF","/data/krp-0193_k/krp-0193_k-0026.TIF","krp-0193_k-0026.TIF","Signature","Done","21479830","File","tif","2026-09-23T07:36:35","false","","1","fmt/353","image/tiff","Tagged Image File Format",""
"289","257","file:/data/krp-0193_k/krp-0193_k-0027.TIF","/data/krp-0193_k/krp-0193_k-0027.TIF","krp-0193_k-0027.TIF","Signature","Done","21210990","File","tif","2026-09-23T07:36:38","false","","1","fmt/353","image/tiff","Tagged Image File Format",""
"290","257","file:/data/krp-0193_k/krp-0193_k-0028.TIF","/data/krp-0193_k/krp-0193_k-0028.TIF","krp-0193_k-0028.TIF","Signature","Done","19732846","File","tif","2026-09-23T07:36:41","false","","1","fmt/353","image/tiff","Tagged Image File Format",""
"291","257","file:/data/krp-0193_k/krp-0193_k-0029.TIF","/data/krp-0193_k/krp-0193_k-0029.TIF","krp-0193_k-0029.TIF","Signature","Done","20252216","File","tif","2026-09-23T07:36:44","false","","1","fmt/353","image/tiff","Tagged Image File Format",""
"292","257","file:/data/krp-0193_k/krp-0193_k-0030.TIF","/data/krp-0193_k/krp-0193_k-0030.TIF","krp-0193_k-0030.TIF","Signature","Done","17128888","File","tif","2026-09-23T07:36:46","false","","1","fmt/353","image/tiff","Tagged Image File Format",""
"293","257","file:/data/krp-0193_k/krp-0193_k-0031.TIF","/data/krp-0193_k/krp-0193_k-0031.TIF","krp-0193_k-0031.TIF","Signature","Done","19264878","File","tif","2026-09-23T07:36:49","false","","1","fmt/353","image/tiff","Tagged Image File Format",""
"294","257","file:/data/krp-0193_k/krp-0193_k-0032.TIF","/data/krp-0193_k/krp-0193_k-0032.TIF","krp-0193_k-0032.TIF","Signature","Done","21650690","File","tif","2026-09-23T07:36:52","false","","1","fmt/353","image/tiff","Tagged Image File Format",""
"295","257","file:/data/krp-0193_k/krp-0193_k-0033.TIF","/data/krp-0193_k/krp-0193_k-0033.TIF","krp-0193_k-0033.TIF","Signature","Done","19339068","File","tif","2026-09-23T07:36:55","false","","1","fmt/353","image/tiff","Tagged Image File Format",""
"296","257","file:/data/krp-0193_k/krp-0193_k-0034.TIF","/data/krp-0193_k/krp-0193_k-0034.TIF","krp-0193_k-0034.TIF","Signature","Done","20729832","File","tif","2026-09-23T07:36:58","false","","1","fmt/353","image/tiff","Tagged Image File Format",""
"297","257","file:/data/krp-0193_k/krp-0193_k-0035.TIF","/data/krp-0193_k/krp-0193_k-0035.TIF","krp-0193_k-0035.TIF","Signature","Done","19296550","File","tif","2026-09-23T07:37:01","false","","1","fmt/353","image/tiff","Tagged Image File Format",""
"298","257","file:/data/krp-0193_k/krp-0193_k-0036.TIF","/data/krp-0193_k/krp-0193_k-0036.TIF","krp-0193_k-0036.TIF","Signature","Done","19201420","File","tif","2026-09-23T07:37:04","false","","1","fmt/353","image/tiff","Tagged Image File Format",""
"299","257","file:/data/krp-0193_k/krp-0193_k-0037.TIF","/data/krp-0193_k/krp-0193_k-0037.TIF","krp-0193_k-0037.TIF","Signature","Done","21611388","File","tif","2026-09-23T07:37:07","false","","1","fmt/353","image/tiff","Tagged Image File Format",""
"300","257","file:/data/krp-0193_k/krp-0193_k-0038.TIF","/data/krp-0193_k/krp-0193_k-0038.TIF","krp-0193_k-0038.TIF","Signature","Done","19586244","File","tif","2026-09-23T07:37:10","false","","1","fmt/353","image/tiff","Tagged Image File Format",""
"301","257","file:/data/krp-0193_k/krp-0193_k-0039.TIF","/data/krp-0193_k/krp-0193_k-0039.TIF","krp-0193_k-0039.TIF","Signature","Done","21111458","File","tif","2026-09-23T07:37:13","false","","1","fmt/353","image/tiff","Tagged Image File Format",""
"302","257","file:/data/krp-0193_k/krp-0193_k-0040.TIF","/data/krp-0193_k/krp-0193_k-0040.TIF","krp-0193_k-0040.TIF","Signature","Done","20397774","File","tif","2026-09-23T07:37:15","false","","1","fmt/353","image/tiff","Tagged Image File Format",""
"303","257","file:/data/krp-0193_k/krp-0193_k-0041.TIF","/data/krp-0193_k/krp-0193_k-0041.TIF","krp-0193_k-0041.TIF","Signature","Done","20737834","File","tif","2026-09-23T07:37:18","false","","1","fmt/353","image/tiff","Tagged Image File Format",""
"304","257","file:/data/krp-0193_k/krp-0193_k-0042.TIF","/data/krp-0193_k/krp-0193_k-0042.TIF","krp-0193_k-0042.TIF","Signature","Done","20853050","File","tif","2026-09-23T07:37:21","false","","1","fmt/353","image/tiff","Tagged Image File Format",""
"305","257","file:/data/krp-0193_k/krp-0193_k-0043.TIF","/data/krp-0193_k/krp-0193_k-0043.TIF","krp-0193_k-0043.TIF","Signature","Done","21236946","File","tif","2026-09-23T07:37:24","false","","1","fmt/353","image/tiff","Tagged Image File Format",""
"306","257","file:/data/krp-0193_k/krp-0193_k-0044.TIF","/data/krp-0193_k/krp-0193_k-0044.TIF","krp-0193_k-0044.TIF","Signature","Done","23504008","File","tif","2026-09-23T07:37:27","false","","1","fmt/353","image/tiff","Tagged Image File Format",""
"307","257","file:/data/krp-0193_k/krp-0193_k-0045.TIF","/data/krp-0193_k/krp-0193_k-0045.TIF","krp-0193_k-0045.TIF","Signature","Done","23429006","File","tif","2026-09-23T07:37:30","false","","1","fmt/353","image/tiff","Tagged Image File Format",""
"308","257","file:/data/krp-0193_k/krp-0193_k-0046.TIF","/data/krp-0193_k/krp-0193_k-0046.TIF","krp-0193_k-0046.TIF","Signature","Done","23597598","File","tif","2026-09-23T07:37:34","false","","1","fmt/353","image/tiff","Tagged Image File Format",""
"309","257","file:/data/krp-0193_k/krp-0193_k-0047.TIF","/data/krp-0193_k/krp-0193_k-0047.TIF","krp-0193_k-0047.TIF","Signature","Done","19591576","File","tif","2026-09-23T07:37:37","false","","1","fmt/353","image/tiff","Tagged Image File Format",""
"310","257","file:/data/krp-0193_k/krp-0193_k-0048.TIF","/data/krp-0193_k/krp-0193_k-0048.TIF","krp-0193_k-0048.TIF","Signature","Done","20362836","File","tif","2026-09-23T07:37:40","false","","1","fmt/353","image/tiff","Tagged Image File Format",""
"311","257","file:/data/krp-0193_k/krp-0193_k-0049.TIF","/data/krp-0193_k/krp-0193_k-0049.TIF","krp-0193_k-0049.TIF","Signature","Done","19700566","File","tif","2026-09-23T07:37:43","false","","1","fmt/353","image/tiff","Tagged Image File Format",""
"312","257","file:/data/krp-0193_k/krp-0193_k-0051.TIF","/data/krp-0193_k/krp-0193_k-0051.TIF","krp-0193_k-0051.TIF","Signature","Done","18078094","File","tif","2026-09-23T07:37:50","false","","1","fmt/353","image/tiff","Tagged Image File Format",""
"313","257","file:/data/krp-0193_k/krp-0193_k-0050.TIF","/data/krp-0193_k/krp-0193_k-0050.TIF","krp-0193_k-0050.TIF","Signature","Done","19739228","File","tif","2026-09-23T07:37:46","false","","1","fmt/353","image/tiff","Tagged Image File Format",""
"314","257","file:/data/krp-0193_k/krp-0193_k-0052.TIF","/data/krp-0193_k/krp-0193_k-0052.TIF","krp-0193_k-0052.TIF","Signature","Done","20868496","File","tif","2026-09-23T07:37:52","false","","1","fmt/353","image/tiff","Tagged Image File Format",""
"315","257","file:/data/krp-0193_k/krp-0193_k-0053.TIF","/data/krp-0193_k/krp-0193_k-0053.TIF","krp-0193_k-0053.TIF","Signature","Done","22277278","File","tif","2026-09-23T07:37:55","false","","1","fmt/353","image/tiff","Tagged Image File Format",""
"316","257","file:/data/krp-0193_k/krp-0193_k-0054.TIF","/data/krp-0193_k/krp-0193_k-0054.TIF","krp-0193_k-0054.TIF","Signature","Done","21237582","File","tif","2026-09-23T07:37:58","false","","1","fmt/353","image/tiff","Tagged Image File Format",""
"317","257","file:/data/krp-0193_k/krp-0193_k-0055.TIF","/data/krp-0193_k/krp-0193_k-0055.TIF","krp-0193_k-0055.TIF","Signature","Done","21495048","File","tif","2026-09-23T07:38:01","false","","1","fmt/353","image/tiff","Tagged Image File Format",""
"318","257","file:/data/krp-0193_k/krp-0193_k-0056.TIF","/data/krp-0193_k/krp-0193_k-0056.TIF","krp-0193_k-0056.TIF","Signature","Done","20321378","File","tif","2026-09-23T07:38:04","false","","1","fmt/353","image/tiff","Tagged Image File Format",""
"319","257","file:/data/krp-0193_k/krp-0193_k-0057.TIF","/data/krp-0193_k/krp-0193_k-0057.TIF","krp-0193_k-0057.TIF","Signature","Done","19831202","File","tif","2026-09-23T07:38:06","false","","1","fmt/353","image/tiff","Tagged Image File Format",""
"320","257","file:/data/krp-0193_k/krp-0193_k-0058.TIF","/data/krp-0193_k/krp-0193_k-0058.TIF","krp-0193_k-0058.TIF","Signature","Done","19725654","File","tif","2026-09-23T07:38:09","false","","1","fmt/353","image/tiff","Tagged Image File Format",""
"321","257","file:/data/krp-0193_k/krp-0193_k-0059.TIF","/data/krp-0193_k/krp-0193_k-0059.TIF","krp-0193_k-0059.TIF","Signature","Done","17825050","File","tif","2026-09-23T07:38:12","false","","1","fmt/353","image/tiff","Tagged Image File Format",""
"322","257","file:/data/krp-0193_k/krp-0193_k-0060.TIF","/data/krp-0193_k/krp-0193_k-0060.TIF","krp-0193_k-0060.TIF","Signature","Done","20093200","File","tif","2026-09-23T07:38:15","false","","1","fmt/353","image/tiff","Tagged Image File Format",""
"323","257","file:/data/krp-0193_k/krp-0193_k-0061.TIF","/data/krp-0193_k/krp-0193_k-0061.TIF","krp-0193_k-0061.TIF","Signature","Done","20721208","File","tif","2026-09-23T07:38:18","false","","1","fmt/353","image/tiff","Tagged Image File Format",""
"324","257","file:/data/krp-0193_k/krp-0193_k-0062.TIF","/data/krp-0193_k/krp-0193_k-0062.TIF","krp-0193_k-0062.TIF","Signature","Done","21927684","File","tif","2026-09-23T07:38:22","false","","1","fmt/353","image/tiff","Tagged Image File Format",""
"325","257","file:/data/krp-0193_k/krp-0193_k-0063.TIF","/data/krp-0193_k/krp-0193_k-0063.TIF","krp-0193_k-0063.TIF","Signature","Done","22265436","File","tif","2026-09-23T07:38:24","false","","1","fmt/353","image/tiff","Tagged Image File Format",""
"326","257","file:/data/krp-0193_k/krp-0193_k-0064.TIF","/data/krp-0193_k/krp-0193_k-0064.TIF","krp-0193_k-0064.TIF","Signature","Done","25636922","File","tif","2026-09-23T07:38:27","false","","1","fmt/353","image/tiff","Tagged Image File Format",""
"327","257","file:/data/krp-0193_k/krp-0193_k-0065.TIF","/data/krp-0193_k/krp-0193_k-0065.TIF","krp-0193_k-0065.TIF","Signature","Done","23908826","File","tif","2026-09-23T07:38:30","false","","1","fmt/353","image/tiff","Tagged Image File Format",""
"328","257","file:/data/krp-0193_k/krp-0193_k-0066.TIF","/data/krp-0193_k/krp-0193_k-0066.TIF","krp-0193_k-0066.TIF","Signature","Done","19266096","File","tif","2026-09-23T07:38:33","false","","1","fmt/353","image/tiff","Tagged Image File Format",""
"329","257","file:/data/krp-0193_k/krp-0193_k-0067.TIF","/data/krp-0193_k/krp-0193_k-0067.TIF","krp-0193_k-0067.TIF","Signature","Done","19640496","File","tif","2026-09-23T07:38:36","false","","1","fmt/353","image/tiff","Tagged Image File Format",""
"330","1","file:/data/krp-0193_r/","/data/krp-0193_r","krp-0193_r","","Done","","Folder","","2026-09-23T07:41:20","false","",""
"331","257","file:/data/krp-0193_k/krp-0193_k-0068.TIF","/data/krp-0193_k/krp-0193_k-0068.TIF","krp-0193_k-0068.TIF","Signature","Done","23227210","File","tif","2026-09-23T07:38:39","false","","1","fmt/353","image/tiff","Tagged Image File Format",""
"332","257","file:/data/krp-0193_k/krp-0193_k-0069.TIF","/data/krp-0193_k/krp-0193_k-0069.TIF","krp-0193_k-0069.TIF","Signature","Done","25948994","File","tif","2026-09-23T07:38:42","false","","1","fmt/353","image/tiff","Tagged Image File Format",""
"333","257","file:/data/krp-0193_k/krp-0193_k-0070.TIF","/data/krp-0193_k/krp-0193_k-0070.TIF","krp-0193_k-0070.TIF","Signature","Done","23982620","File","tif","2026-09-23T07:38:45","false","","1","fmt/353","image/tiff","Tagged Image File Format",""
"334","330","file:/data/krp-0193_r/krp-0193_r-0001.TIF","/data/krp-0193_r/krp-0193_r-0001.TIF","krp-0193_r-0001.TIF","Signature","Done","17757742","File","tif","2026-09-23T07:38:51","false","","1","fmt/353","image/tiff","Tagged Image File Format",""
"335","257","file:/data/krp-0193_k/krp-0193_k-0071.TIF","/data/krp-0193_k/krp-0193_k-0071.TIF","krp-0193_k-0071.TIF","Signature","Done","23558226","File","tif","2026-09-23T07:38:48","false","","1","fmt/353","image/tiff","Tagged Image File Format",""
"336","330","file:/data/krp-0193_r/krp-0193_r-0002.TIF","/data/krp-0193_r/krp-0193_r-0002.TIF","krp-0193_r-0002.TIF","Signature","Done","17799448","File","tif","2026-09-23T07:38:54","false","","1","fmt/353","image/tiff","Tagged Image File Format",""
"337","330","file:/data/krp-0193_r/krp-0193_r-0003.TIF","/data/krp-0193_r/krp-0193_r-0003.TIF","krp-0193_r-0003.TIF","Signature","Done","17604382","File","tif","2026-09-23T07:38:56","false","","1","fmt/353","image/tiff","Tagged Image File Format",""
"338","330","file:/data/krp-0193_r/krp-0193_r-0004.TIF","/data/krp-0193_r/krp-0193_r-0004.TIF","krp-0193_r-0004.TIF","Signature","Done","17702172","File","tif","2026-09-23T07:38:59","false","","1","fmt/353","image/tiff","Tagged Image File Format",""
"339","330","file:/data/krp-0193_r/krp-0193_r-0005.TIF","/data/krp-0193_r/krp-0193_r-0005.TIF","krp-0193_r-0005.TIF","Signature","Done","17688348","File","tif","2026-09-23T07:39:02","false","","1","fmt/353","image/tiff","Tagged Image File Format",""
"340","330","file:/data/krp-0193_r/krp-0193_r-0006.TIF","/data/krp-0193_r/krp-0193_r-0006.TIF","krp-0193_r-0006.TIF","Signature","Done","18443992","File","tif","2026-09-23T07:39:05","false","","1","fmt/353","image/tiff","Tagged Image File Format",""
"341","330","file:/data/krp-0193_r/krp-0193_r-0007.TIF","/data/krp-0193_r/krp-0193_r-0007.TIF","krp-0193_r-0007.TIF","Signature","Done","17917848","File","tif","2026-09-23T07:39:08","false","","1","fmt/353","image/tiff","Tagged Image File Format",""
"342","330","file:/data/krp-0193_r/krp-0193_r-0008.TIF","/data/krp-0193_r/krp-0193_r-0008.TIF","krp-0193_r-0008.TIF","Signature","Done","17528050","File","tif","2026-09-23T07:39:10","false","","1","fmt/353","image/tiff","Tagged Image File Format",""
"343","330","file:/data/krp-0193_r/krp-0193_r-0009.TIF","/data/krp-0193_r/krp-0193_r-0009.TIF","krp-0193_r-0009.TIF","Signature","Done","18217590","File","tif","2026-09-23T07:39:13","false","","1","fmt/353","image/tiff","Tagged Image File Format",""
"344","330","file:/data/krp-0193_r/krp-0193_r-0010.TIF","/data/krp-0193_r/krp-0193_r-0010.TIF","krp-0193_r-0010.TIF","Signature","Done","17919046","File","tif","2026-09-23T07:39:16","false","","1","fmt/353","image/tiff","Tagged Image File Format",""
"345","330","file:/data/krp-0193_r/krp-0193_r-0011.TIF","/data/krp-0193_r/krp-0193_r-0011.TIF","krp-0193_r-0011.TIF","Signature","Done","17816460","File","tif","2026-09-23T07:39:18","false","","1","fmt/353","image/tiff","Tagged Image File Format",""
"346","330","file:/data/krp-0193_r/krp-0193_r-0012.TIF","/data/krp-0193_r/krp-0193_r-0012.TIF","krp-0193_r-0012.TIF","Signature","Done","17916430","File","tif","2026-09-23T07:39:22","false","","1","fmt/353","image/tiff","Tagged Image File Format",""
"347","330","file:/data/krp-0193_r/krp-0193_r-0013.TIF","/data/krp-0193_r/krp-0193_r-0013.TIF","krp-0193_r-0013.TIF","Signature","Done","17381754","File","tif","2026-09-23T07:39:25","false","","1","fmt/353","image/tiff","Tagged Image File Format",""
"348","330","file:/data/krp-0193_r/krp-0193_r-0014.TIF","/data/krp-0193_r/krp-0193_r-0014.TIF","krp-0193_r-0014.TIF","Signature","Done","18038072","File","tif","2026-09-23T07:39:28","false","","1","fmt/353","image/tiff","Tagged Image File Format",""
"349","330","file:/data/krp-0193_r/krp-0193_r-0015.TIF","/data/krp-0193_r/krp-0193_r-0015.TIF","krp-0193_r-0015.TIF","Signature","Done","17655964","File","tif","2026-09-23T07:39:30","false","","1","fmt/353","image/tiff","Tagged Image File Format",""
"350","330","file:/data/krp-0193_r/krp-0193_r-0016.TIF","/data/krp-0193_r/krp-0193_r-0016.TIF","krp-0193_r-0016.TIF","Signature","Done","18363036","File","tif","2026-09-23T07:39:33","false","","1","fmt/353","image/tiff","Tagged Image File Format",""
"351","330","file:/data/krp-0193_r/krp-0193_r-0017.TIF","/data/krp-0193_r/krp-0193_r-0017.TIF","krp-0193_r-0017.TIF","Signature","Done","18125584","File","tif","2026-09-23T07:39:36","false","","1","fmt/353","image/tiff","Tagged Image File Format",""
"352","330","file:/data/krp-0193_r/krp-0193_r-0018.TIF","/data/krp-0193_r/krp-0193_r-0018.TIF","krp-0193_r-0018.TIF","Signature","Done","18064504","File","tif","2026-09-23T07:39:39","false","","1","fmt/353","image/tiff","Tagged Image File Format",""
"353","330","file:/data/krp-0193_r/krp-0193_r-0019.TIF","/data/krp-0193_r/krp-0193_r-0019.TIF","krp-0193_r-0019.TIF","Signature","Done","18089116","File","tif","2026-09-23T07:39:42","false","","1","fmt/353","image/tiff","Tagged Image File Format",""
"354","330","file:/data/krp-0193_r/krp-0193_r-0020.TIF","/data/krp-0193_r/krp-0193_r-0020.TIF","krp-0193_r-0020.TIF","Signature","Done","18188870","File","tif","2026-09-23T07:39:45","false","","1","fmt/353","image/tiff","Tagged Image File Format",""
"355","330","file:/data/krp-0193_r/krp-0193_r-0021.TIF","/data/krp-0193_r/krp-0193_r-0021.TIF","krp-0193_r-0021.TIF","Signature","Done","17383050","File","tif","2026-09-23T07:39:47","false","","1","fmt/353","image/tiff","Tagged Image File Format",""
"356","330","file:/data/krp-0193_r/krp-0193_r-0022.TIF","/data/krp-0193_r/krp-0193_r-0022.TIF","krp-0193_r-0022.TIF","Signature","Done","18163394","File","tif","2026-09-23T07:39:50","false","","1","fmt/353","image/tiff","Tagged Image File Format",""
"357","330","file:/data/krp-0193_r/krp-0193_r-0023.TIF","/data/krp-0193_r/krp-0193_r-0023.TIF","krp-0193_r-0023.TIF","Signature","Done","17327698","File","tif","2026-09-23T07:39:53","false","","1","fmt/353","image/tiff","Tagged Image File Format",""
"358","330","file:/data/krp-0193_r/krp-0193_r-0024.TIF","/data/krp-0193_r/krp-0193_r-0024.TIF","krp-0193_r-0024.TIF","Signature","Done","17806858","File","tif","2026-09-23T07:39:55","false","","1","fmt/353","image/tiff","Tagged Image File Format",""
"359","330","file:/data/krp-0193_r/krp-0193_r-0025.TIF","/data/krp-0193_r/krp-0193_r-0025.TIF","krp-0193_r-0025.TIF","Signature","Done","17872440","File","tif","2026-09-23T07:39:58","false","","1","fmt/353","image/tiff","Tagged Image File Format",""
"360","330","file:/data/krp-0193_r/krp-0193_r-0026.TIF","/data/krp-0193_r/krp-0193_r-0026.TIF","krp-0193_r-0026.TIF","Signature","Done","18618780","File","tif","2026-09-23T07:40:01","false","","1","fmt/353","image/tiff","Tagged Image File Format",""
"361","330","file:/data/krp-0193_r/krp-0193_r-0027.TIF","/data/krp-0193_r/krp-0193_r-0027.TIF","krp-0193_r-0027.TIF","Signature","Done","17251716","File","tif","2026-09-23T07:40:04","false","","1","fmt/353","image/tiff","Tagged Image File Format",""
"362","330","file:/data/krp-0193_r/krp-0193_r-0028.TIF","/data/krp-0193_r/krp-0193_r-0028.TIF","krp-0193_r-0028.TIF","Signature","Done","18514066","File","tif","2026-09-23T07:40:06","false","","1","fmt/353","image/tiff","Tagged Image File Format",""
"363","330","file:/data/krp-0193_r/krp-0193_r-0029.TIF","/data/krp-0193_r/krp-0193_r-0029.TIF","krp-0193_r-0029.TIF","Signature","Done","17540092","File","tif","2026-09-23T07:40:09","false","","1","fmt/353","image/tiff","Tagged Image File Format",""
"364","330","file:/data/krp-0193_r/krp-0193_r-0030.TIF","/data/krp-0193_r/krp-0193_r-0030.TIF","krp-0193_r-0030.TIF","Signature","Done","17873162","File","tif","2026-09-23T07:40:11","false","","1","fmt/353","image/tiff","Tagged Image File Format",""
"365","330","file:/data/krp-0193_r/krp-0193_r-0031.TIF","/data/krp-0193_r/krp-0193_r-0031.TIF","krp-0193_r-0031.TIF","Signature","Done","17523364","File","tif","2026-09-23T07:40:14","false","","1","fmt/353","image/tiff","Tagged Image File Format",""
"366","330","file:/data/krp-0193_r/krp-0193_r-0032.TIF","/data/krp-0193_r/krp-0193_r-0032.TIF","krp-0193_r-0032.TIF","Signature","Done","17816600","File","tif","2026-09-23T07:40:17","false","","1","fmt/353","image/tiff","Tagged Image File Format",""
"367","330","file:/data/krp-0193_r/krp-0193_r-0033.TIF","/data/krp-0193_r/krp-0193_r-0033.TIF","krp-0193_r-0033.TIF","Signature","Done","17287508","File","tif","2026-09-23T07:40:19","false","","1","fmt/353","image/tiff","Tagged Image File Format",""
"368","330","file:/data/krp-0193_r/krp-0193_r-0034.TIF","/data/krp-0193_r/krp-0193_r-0034.TIF","krp-0193_r-0034.TIF","Signature","Done","17768128","File","tif","2026-09-23T07:40:22","false","","1","fmt/353","image/tiff","Tagged Image File Format",""
"369","330","file:/data/krp-0193_r/krp-0193_r-0035.TIF","/data/krp-0193_r/krp-0193_r-0035.TIF","krp-0193_r-0035.TIF","Signature","Done","17663906","File","tif","2026-09-23T07:40:24","false","","1","fmt/353","image/tiff","Tagged Image File Format",""
"370","330","file:/data/krp-0193_r/krp-0193_r-0036.TIF","/data/krp-0193_r/krp-0193_r-0036.TIF","krp-0193_r-0036.TIF","Signature","Done","17693214","File","tif","2026-09-23T07:40:27","false","","1","fmt/353","image/tiff","Tagged Image File Format",""
"371","330","file:/data/krp-0193_r/krp-0193_r-0037.TIF","/data/krp-0193_r/krp-0193_r-0037.TIF","krp-0193_r-0037.TIF","Signature","Done","18164398","File","tif","2026-09-23T07:40:30","false","","1","fmt/353","image/tiff","Tagged Image File Format",""
"372","330","file:/data/krp-0193_r/krp-0193_r-0038.TIF","/data/krp-0193_r/krp-0193_r-0038.TIF","krp-0193_r-0038.TIF","Signature","Done","18627264","File","tif","2026-09-23T07:40:33","false","","1","fmt/353","image/tiff","Tagged Image File Format",""
"373","330","file:/data/krp-0193_r/krp-0193_r-0039.TIF","/data/krp-0193_r/krp-0193_r-0039.TIF","krp-0193_r-0039.TIF","Signature","Done","17929802","File","tif","2026-09-23T07:40:36","false","","1","fmt/353","image/tiff","Tagged Image File Format",""
"374","330","file:/data/krp-0193_r/krp-0193_r-0040.TIF","/data/krp-0193_r/krp-0193_r-0040.TIF","krp-0193_r-0040.TIF","Signature","Done","18147004","File","tif","2026-09-23T07:40:38","false","","1","fmt/353","image/tiff","Tagged Image File Format",""
"375","330","file:/data/krp-0193_r/krp-0193_r-0041.TIF","/data/krp-0193_r/krp-0193_r-0041.TIF","krp-0193_r-0041.TIF","Signature","Done","18079868","File","tif","2026-09-23T07:40:41","false","","1","fmt/353","image/tiff","Tagged Image File Format",""
"376","330","file:/data/krp-0193_r/krp-0193_r-0042.TIF","/data/krp-0193_r/krp-0193_r-0042.TIF","krp-0193_r-0042.TIF","Signature","Done","17962340","File","tif","2026-09-23T07:40:44","false","","1","fmt/353","image/tiff","Tagged Image File Format",""
"377","330","file:/data/krp-0193_r/krp-0193_r-0043.TIF","/data/krp-0193_r/krp-0193_r-0043.TIF","krp-0193_r-0043.TIF","Signature","Done","17766302","File","tif","2026-09-23T07:40:47","false","","1","fmt/353","image/tiff","Tagged Image File Format",""
"378","330","file:/data/krp-0193_r/krp-0193_r-0044.TIF","/data/krp-0193_r/krp-0193_r-0044.TIF","krp-0193_r-0044.TIF","Signature","Done","17617622","File","tif","2026-09-23T07:40:49","false","","1","fmt/353","image/tiff","Tagged Image File Format",""
"379","330","file:/data/krp-0193_r/krp-0193_r-0045.TIF","/data/krp-0193_r/krp-0193_r-0045.TIF","krp-0193_r-0045.TIF","Signature","Done","18058214","File","tif","2026-09-23T07:40:52","false","","1","fmt/353","image/tiff","Tagged Image File Format",""
"380","330","file:/data/krp-0193_r/krp-0193_r-0046.TIF","/data/krp-0193_r/krp-0193_r-0046.TIF","krp-0193_r-0046.TIF","Signature","Done","18004432","File","tif","2026-09-23T07:40:55","false","","1","fmt/353","image/tiff","Tagged Image File Format",""
"381","330","file:/data/krp-0193_r/krp-0193_r-0047.TIF","/data/krp-0193_r/krp-0193_r-0047.TIF","krp-0193_r-0047.TIF","Signature","Done","17689820","File","tif","2026-09-23T07:40:58","false","","1","fmt/353","image/tiff","Tagged Image File Format",""
"382","330","file:/data/krp-0193_r/krp-0193_r-0048.TIF","/data/krp-0193_r/krp-0193_r-0048.TIF","krp-0193_r-0048.TIF","Signature","Done","18419344","File","tif","2026-09-23T07:41:01","false","","1","fmt/353","image/tiff","Tagged Image File Format",""
"383","330","file:/data/krp-0193_r/krp-0193_r-0049.TIF","/data/krp-0193_r/krp-0193_r-0049.TIF","krp-0193_r-0049.TIF","Signature","Done","17829428","File","tif","2026-09-23T07:41:04","false","","1","fmt/353","image/tiff","Tagged Image File Format",""
"384","330","file:/data/krp-0193_r/krp-0193_r-0050.TIF","/data/krp-0193_r/krp-0193_r-0050.TIF","krp-0193_r-0050.TIF","Signature","Done","17877708","File","tif","2026-09-23T07:41:06","false","","1","fmt/353","image/tiff","Tagged Image File Format",""
"385","1","file:/data/krp-0193_s/","/data/krp-0193_s","krp-0193_s","","Done","","Folder","","2026-09-21T12:01:44","false","",""
"386","385","file:/data/krp-0193_s/krp-0193_s01/","/data/krp-0193_s/krp-0193_s01","krp-0193_s01","","Done","","Folder","","2026-09-23T07:41:35","false","",""
"387","330","file:/data/krp-0193_r/krp-0193_r-0051.TIF","/data/krp-0193_r/krp-0193_r-0051.TIF","krp-0193_r-0051.TIF","Signature","Done","17790748","File","tif","2026-09-23T07:41:09","false","","1","fmt/353","image/tiff","Tagged Image File Format",""
"388","330","file:/data/krp-0193_r/krp-0193_r-0052.TIF","/data/krp-0193_r/krp-0193_r-0052.TIF","krp-0193_r-0052.TIF","Signature","Done","18494268","File","tif","2026-09-23T07:41:12","false","","1","fmt/353","image/tiff","Tagged Image File Format",""
"389","330","file:/data/krp-0193_r/krp-0193_r-0053.TIF","/data/krp-0193_r/krp-0193_r-0053.TIF","krp-0193_r-0053.TIF","Signature","Done","17776134","File","tif","2026-09-23T07:41:15","false","","1","fmt/353","image/tiff","Tagged Image File Format",""
"390","330","file:/data/krp-0193_r/krp-0193_r-0054.TIF","/data/krp-0193_r/krp-0193_r-0054.TIF","krp-0193_r-0054.TIF","Signature","Done","18366794","File","tif","2026-09-23T07:41:18","false","","1","fmt/353","image/tiff","Tagged Image File Format",""
"391","330","file:/data/krp-0193_r/krp-0193_r-0055.TIF","/data/krp-0193_r/krp-0193_r-0055.TIF","krp-0193_r-0055.TIF","Signature","Done","15383058","File","tif","2026-09-23T07:41:20","false","","1","fmt/353","image/tiff","Tagged Image File Format",""
"392","386","file:/data/krp-0193_s/krp-0193_s01/krp-0193_s01-0001.TIF","/data/krp-0193_s/krp-0193_s01/krp-0193_s01-0001.TIF","krp-0193_s01-0001.TIF","Signature","Done","19833234","File","tif","2026-09-23T07:41:23","false","","1","fmt/353","image/tiff","Tagged Image File Format",""
"393","386","file:/data/krp-0193_s/krp-0193_s01/krp-0193_s01-0002.TIF","/data/krp-0193_s/krp-0193_s01/krp-0193_s01-0002.TIF","krp-0193_s01-0002.TIF","Signature","Done","19409814","File","tif","2026-09-23T07:41:26","false","","1","fmt/353","image/tiff","Tagged Image File Format",""
"394","385","file:/data/krp-0193_s/krp-0193_s02/","/data/krp-0193_s/krp-0193_s02","krp-0193_s02","","Done","","Folder","","2026-09-23T07:42:14","false","",""
"395","386","file:/data/krp-0193_s/krp-0193_s01/krp-0193_s01-0003.TIF","/data/krp-0193_s/krp-0193_s01/krp-0193_s01-0003.TIF","krp-0193_s01-0003.TIF","Signature","Done","17565920","File","tif","2026-09-23T07:41:29","false","","1","fmt/353","image/tiff","Tagged Image File Format",""
"396","386","file:/data/krp-0193_s/krp-0193_s01/krp-0193_s01-0004.TIF","/data/krp-0193_s/krp-0193_s01/krp-0193_s01-0004.TIF","krp-0193_s01-0004.TIF","Signature","Done","17767418","File","tif","2026-09-23T07:41:31","false","","1","fmt/353","image/tiff","Tagged Image File Format",""
"397","386","file:/data/krp-0193_s/krp-0193_s01/krp-0193_s01-0005.TIF","/data/krp-0193_s/krp-0193_s01/krp-0193_s01-0005.TIF","krp-0193_s01-0005.TIF","Signature","Done","17183874","File","tif","2026-09-23T07:41:35","false","","1","fmt/353","image/tiff","Tagged Image File Format",""
"398","394","file:/data/krp-0193_s/krp-0193_s02/krp-0193_s02-0001.TIF","/data/krp-0193_s/krp-0193_s02/krp-0193_s02-0001.TIF","krp-0193_s02-0001.TIF","Signature","Done","17801874","File","tif","2026-09-23T07:41:38","false","","1","fmt/353","image/tiff","Tagged Image File Format",""
"399","394","file:/data/krp-0193_s/krp-0193_s02/krp-0193_s02-0002.TIF","/data/krp-0193_s/krp-0193_s02/krp-0193_s02-0002.TIF","krp-0193_s02-0002.TIF","Signature","Done","17495740","File","tif","2026-09-23T07:41:40","false","","1","fmt/353","image/tiff","Tagged Image File Format",""
"400","394","file:/data/krp-0193_s/krp-0193_s02/krp-0193_s02-0003.TIF","/data/krp-0193_s/krp-0193_s02/krp-0193_s02-0003.TIF","krp-0193_s02-0003.TIF","Signature","Done","18054224","File","tif","2026-09-23T07:41:44","false","","1","fmt/353","image/tiff","Tagged Image File Format",""
"401","394","file:/data/krp-0193_s/krp-0193_s02/krp-0193_s02-0004.TIF","/data/krp-0193_s/krp-0193_s02/krp-0193_s02-0004.TIF","krp-0193_s02-0004.TIF","Signature","Done","17906380","File","tif","2026-09-23T07:41:47","false","","1","fmt/353","image/tiff","Tagged Image File Format",""
"402","394","file:/data/krp-0193_s/krp-0193_s02/krp-0193_s02-0005.TIF","/data/krp-0193_s/krp-0193_s02/krp-0193_s02-0005.TIF","krp-0193_s02-0005.TIF","Signature","Done","17878524","File","tif","2026-09-23T07:41:50","false","","1","fmt/353","image/tiff","Tagged Image File Format",""
"403","394","file:/data/krp-0193_s/krp-0193_s02/krp-0193_s02-0006.TIF","/data/krp-0193_s/krp-0193_s02/krp-0193_s02-0006.TIF","krp-0193_s02-0006.TIF","Signature","Done","18475188","File","tif","2026-09-23T07:41:52","false","","1","fmt/353","image/tiff","Tagged Image File Format",""
"404","394","file:/data/krp-0193_s/krp-0193_s02/krp-0193_s02-0007.TIF","/data/krp-0193_s/krp-0193_s02/krp-0193_s02-0007.TIF","krp-0193_s02-0007.TIF","Signature","Done","17314578","File","tif","2026-09-23T07:41:55","false","","1","fmt/353","image/tiff","Tagged Image File Format",""
"405","394","file:/data/krp-0193_s/krp-0193_s02/krp-0193_s02-0008.TIF","/data/krp-0193_s/krp-0193_s02/krp-0193_s02-0008.TIF","krp-0193_s02-0008.TIF","Signature","Done","17725282","File","tif","2026-09-23T07:41:57","false","","1","fmt/353","image/tiff","Tagged Image File Format",""
"406","394","file:/data/krp-0193_s/krp-0193_s02/krp-0193_s02-0009.TIF","/data/krp-0193_s/krp-0193_s02/krp-0193_s02-0009.TIF","krp-0193_s02-0009.TIF","Signature","Done","17993104","File","tif","2026-09-23T07:42:00","false","","1","fmt/353","image/tiff","Tagged Image File Format",""
"407","394","file:/data/krp-0193_s/krp-0193_s02/krp-0193_s02-0010.TIF","/data/krp-0193_s/krp-0193_s02/krp-0193_s02-0010.TIF","krp-0193_s02-0010.TIF","Signature","Done","17327344","File","tif","2026-09-23T07:42:03","false","","1","fmt/353","image/tiff","Tagged Image File Format",""
"408","1","file:/data/krp-0193_t/","/data/krp-0193_t","krp-0193_t","","Done","","Folder","","2026-09-23T07:42:37","false","",""
"409","394","file:/data/krp-0193_s/krp-0193_s02/krp-0193_s02-0011.TIF","/data/krp-0193_s/krp-0193_s02/krp-0193_s02-0011.TIF","krp-0193_s02-0011.TIF","Signature","Done","17244980","File","tif","2026-09-23T07:42:06","false","","1","fmt/353","image/tiff","Tagged Image File Format",""
"410","394","file:/data/krp-0193_s/krp-0193_s02/krp-0193_s02-0012.TIF","/data/krp-0193_s/krp-0193_s02/krp-0193_s02-0012.TIF","krp-0193_s02-0012.TIF","Signature","Done","16922596","File","tif","2026-09-23T07:42:09","false","","1","fmt/353","image/tiff","Tagged Image File Format",""
"411","394","file:/data/krp-0193_s/krp-0193_s02/krp-0193_s02-0013.TIF","/data/krp-0193_s/krp-0193_s02/krp-0193_s02-0013.TIF","krp-0193_s02-0013.TIF","Signature","Done","18503210","File","tif","2026-09-23T07:42:12","false","","1","fmt/353","image/tiff","Tagged Image File Format",""
"412","394","file:/data/krp-0193_s/krp-0193_s02/krp-0193_s02-0014.TIF","/data/krp-0193_s/krp-0193_s02/krp-0193_s02-0014.TIF","krp-0193_s02-0014.TIF","Signature","Done","16805620","File","tif","2026-09-23T07:42:14","false","","1","fmt/353","image/tiff","Tagged Image File Format",""
"413","408","file:/data/krp-0193_t/krp-0193_t-0001.TIF","/data/krp-0193_t/krp-0193_t-0001.TIF","krp-0193_t-0001.TIF","Signature","Done","18679308","File","tif","2026-09-23T07:42:17","false","","1","fmt/353","image/tiff","Tagged Image File Format",""
"414","408","file:/data/krp-0193_t/krp-0193_t-0002.TIF","/data/krp-0193_t/krp-0193_t-0002.TIF","krp-0193_t-0002.TIF","Signature","Done","17811964","File","tif","2026-09-23T07:42:20","false","","1","fmt/353","image/tiff","Tagged Image File Format",""
"415","408","file:/data/krp-0193_t/krp-0193_t-0003.TIF","/data/krp-0193_t/krp-0193_t-0003.TIF","krp-0193_t-0003.TIF","Signature","Done","18064772","File","tif","2026-09-23T07:42:23","false","","1","fmt/353","image/tiff","Tagged Image File Format",""
"416","408","file:/data/krp-0193_t/krp-0193_t-0004.TIF","/data/krp-0193_t/krp-0193_t-0004.TIF","krp-0193_t-0004.TIF","Signature","Done","16952824","File","tif","2026-09-23T07:42:26","false","","1","fmt/353","image/tiff","Tagged Image File Format",""
"417","1","file:/data/krp-0193_z/","/data/krp-0193_z","krp-0193_z","","Done","","Folder","","2026-09-23T07:44:49","false","",""
"418","408","file:/data/krp-0193_t/krp-0193_t-0005.TIF","/data/krp-0193_t/krp-0193_t-0005.TIF","krp-0193_t-0005.TIF","Signature","Done","17362370","File","tif","2026-09-23T07:42:28","false","","1","fmt/353","image/tiff","Tagged Image File Format",""
"419","408","file:/data/krp-0193_t/krp-0193_t-0006.TIF","/data/krp-0193_t/krp-0193_t-0006.TIF","krp-0193_t-0006.TIF","Signature","Done","17647092","File","tif","2026-09-23T07:42:31","false","","1","fmt/353","image/tiff","Tagged Image File Format",""
"420","408","file:/data/krp-0193_t/krp-0193_t-0007.TIF","/data/krp-0193_t/krp-0193_t-0007.TIF","krp-0193_t-0007.TIF","Signature","Done","19520960","File","tif","2026-09-23T07:42:34","false","","1","fmt/353","image/tiff","Tagged Image File Format",""
"421","408","file:/data/krp-0193_t/krp-0193_t-0008.TIF","/data/krp-0193_t/krp-0193_t-0008.TIF","krp-0193_t-0008.TIF","Signature","Done","18158090","File","tif","2026-09-23T07:42:37","false","","1","fmt/353","image/tiff","Tagged Image File Format",""
"422","417","file:/data/krp-0193_z/krp-0193_z-0001.TIF","/data/krp-0193_z/krp-0193_z-0001.TIF","krp-0193_z-0001.TIF","Signature","Done","18925330","File","tif","2026-09-23T07:42:40","false","","1","fmt/353","image/tiff","Tagged Image File Format",""
"423","417","file:/data/krp-0193_z/krp-0193_z-0002.TIF","/data/krp-0193_z/krp-0193_z-0002.TIF","krp-0193_z-0002.TIF","Signature","Done","21198330","File","tif","2026-09-23T07:42:43","false","","1","fmt/353","image/tiff","Tagged Image File Format",""
"424","417","file:/data/krp-0193_z/krp-0193_z-0003.TIF","/data/krp-0193_z/krp-0193_z-0003.TIF","krp-0193_z-0003.TIF","Signature","Done","17983724","File","tif","2026-09-23T07:42:46","false","","1","fmt/353","image/tiff","Tagged Image File Format",""
"425","417","file:/data/krp-0193_z/krp-0193_z-0004.TIF","/data/krp-0193_z/krp-0193_z-0004.TIF","krp-0193_z-0004.TIF","Signature","Done","16526306","File","tif","2026-09-23T07:42:49","false","","1","fmt/353","image/tiff","Tagged Image File Format",""
"426","417","file:/data/krp-0193_z/krp-0193_z-0005.TIF","/data/krp-0193_z/krp-0193_z-0005.TIF","krp-0193_z-0005.TIF","Signature","Done","19764690","File","tif","2026-09-23T07:42:51","false","","1","fmt/353","image/tiff","Tagged Image File Format",""
"427","417","file:/data/krp-0193_z/krp-0193_z-0006.TIF","/data/krp-0193_z/krp-0193_z-0006.TIF","krp-0193_z-0006.TIF","Signature","Done","19660160","File","tif","2026-09-23T07:42:54","false","","1","fmt/353","image/tiff","Tagged Image File Format",""
"428","417","file:/data/krp-0193_z/krp-0193_z-0007.TIF","/data/krp-0193_z/krp-0193_z-0007.TIF","krp-0193_z-0007.TIF","Signature","Done","19091822","File","tif","2026-09-23T07:42:57","false","","1","fmt/353","image/tiff","Tagged Image File Format",""
"429","417","file:/data/krp-0193_z/krp-0193_z-0008.TIF","/data/krp-0193_z/krp-0193_z-0008.TIF","krp-0193_z-0008.TIF","Signature","Done","19727946","File","tif","2026-09-23T07:43:00","false","","1","fmt/353","image/tiff","Tagged Image File Format",""
"430","417","file:/data/krp-0193_z/krp-0193_z-0009.TIF","/data/krp-0193_z/krp-0193_z-0009.TIF","krp-0193_z-0009.TIF","Signature","Done","17468424","File","tif","2026-09-23T07:43:02","false","","1","fmt/353","image/tiff","Tagged Image File Format",""
"431","417","file:/data/krp-0193_z/krp-0193_z-0010.TIF","/data/krp-0193_z/krp-0193_z-0010.TIF","krp-0193_z-0010.TIF","Signature","Done","19195674","File","tif","2026-09-23T07:43:05","false","","1","fmt/353","image/tiff","Tagged Image File Format",""
"432","417","file:/data/krp-0193_z/krp-0193_z-0011.TIF","/data/krp-0193_z/krp-0193_z-0011.TIF","krp-0193_z-0011.TIF","Signature","Done","19059820","File","tif","2026-09-23T07:43:08","false","","1","fmt/353","image/tiff","Tagged Image File Format",""
"433","417","file:/data/krp-0193_z/krp-0193_z-0012.TIF","/data/krp-0193_z/krp-0193_z-0012.TIF","krp-0193_z-0012.TIF","Signature","Done","20759462","File","tif","2026-09-23T07:43:11","false","","1","fmt/353","image/tiff","Tagged Image File Format",""
"434","417","file:/data/krp-0193_z/krp-0193_z-0013.TIF","/data/krp-0193_z/krp-0193_z-0013.TIF","krp-0193_z-0013.TIF","Signature","Done","20641020","File","tif","2026-09-23T07:43:14","false","","1","fmt/353","image/tiff","Tagged Image File Format",""
"435","417","file:/data/krp-0193_z/krp-0193_z-0014.TIF","/data/krp-0193_z/krp-0193_z-0014.TIF","krp-0193_z-0014.TIF","Signature","Done","16707136","File","tif","2026-09-23T07:43:17","false","","1","fmt/353","image/tiff","Tagged Image File Format",""
"436","417","file:/data/krp-0193_z/krp-0193_z-0015.TIF","/data/krp-0193_z/krp-0193_z-0015.TIF","krp-0193_z-0015.TIF","Signature","Done","19291652","File","tif","2026-09-23T07:43:20","false","","1","fmt/353","image/tiff","Tagged Image File Format",""
"437","417","file:/data/krp-0193_z/krp-0193_z-0016.TIF","/data/krp-0193_z/krp-0193_z-0016.TIF","krp-0193_z-0016.TIF","Signature","Done","19903808","File","tif","2026-09-23T07:43:23","false","","1","fmt/353","image/tiff","Tagged Image File Format",""
"438","417","file:/data/krp-0193_z/krp-0193_z-0017.TIF","/data/krp-0193_z/krp-0193_z-0017.TIF","krp-0193_z-0017.TIF","Signature","Done","19381152","File","tif","2026-09-23T07:43:26","false","","1","fmt/353","image/tiff","Tagged Image File Format",""
"439","417","file:/data/krp-0193_z/krp-0193_z-0018.TIF","/data/krp-0193_z/krp-0193_z-0018.TIF","krp-0193_z-0018.TIF","Signature","Done","19546302","File","tif","2026-09-23T07:43:29","false","","1","fmt/353","image/tiff","Tagged Image File Format",""
"440","417","file:/data/krp-0193_z/krp-0193_z-0019.TIF","/data/krp-0193_z/krp-0193_z-0019.TIF","krp-0193_z-0019.TIF","Signature","Done","20191954","File","tif","2026-09-23T07:43:32","false","","1","fmt/353","image/tiff","Tagged Image File Format",""
"441","417","file:/data/krp-0193_z/krp-0193_z-0020.TIF","/data/krp-0193_z/krp-0193_z-0020.TIF","krp-0193_z-0020.TIF","Signature","Done","20258102","File","tif","2026-09-23T07:43:34","false","","1","fmt/353","image/tiff","Tagged Image File Format",""
"442","417","file:/data/krp-0193_z/krp-0193_z-0021.TIF","/data/krp-0193_z/krp-0193_z-0021.TIF","krp-0193_z-0021.TIF","Signature","Done","26920372","File","tif","2026-09-23T07:43:39","false","","1","fmt/353","image/tiff","Tagged Image File Format",""
"443","417","file:/data/krp-0193_z/krp-0193_z-0022.TIF","/data/krp-0193_z/krp-0193_z-0022.TIF","krp-0193_z-0022.TIF","Signature","Done","27428536","File","tif","2026-09-23T07:43:43","false","","1","fmt/353","image/tiff","Tagged Image File Format",""
"444","417","file:/data/krp-0193_z/krp-0193_z-0023.TIF","/data/krp-0193_z/krp-0193_z-0023.TIF","krp-0193_z-0023.TIF","Signature","Done","26003314","File","tif","2026-09-23T07:43:47","false","","1","fmt/353","image/tiff","Tagged Image File Format",""
"445","417","file:/data/krp-0193_z/krp-0193_z-0024.TIF","/data/krp-0193_z/krp-0193_z-0024.TIF","krp-0193_z-0024.TIF","Signature","Done","21563590","File","tif","2026-09-23T07:43:50","false","","1","fmt/353","image/tiff","Tagged Image File Format",""
"446","417","file:/data/krp-0193_z/krp-0193_z-0025.TIF","/data/krp-0193_z/krp-0193_z-0025.TIF","krp-0193_z-0025.TIF","Signature","Done","27875102","File","tif","2026-09-23T07:43:54","false","","1","fmt/353","image/tiff","Tagged Image File Format",""
"447","417","file:/data/krp-0193_z/krp-0193_z-0026.TIF","/data/krp-0193_z/krp-0193_z-0026.TIF","krp-0193_z-0026.TIF","Signature","Done","26105982","File","tif","2026-09-23T07:43:57","false","","1","fmt/353","image/tiff","Tagged Image File Format",""
"448","417","file:/data/krp-0193_z/krp-0193_z-0027.TIF","/data/krp-0193_z/krp-0193_z-0027.TIF","krp-0193_z-0027.TIF","Signature","Done","22464398","File","tif","2026-09-23T07:44:01","false","","1","fmt/353","image/tiff","Tagged Image File Format",""
"449","417","file:/data/krp-0193_z/krp-0193_z-0028.TIF","/data/krp-0193_z/krp-0193_z-0028.TIF","krp-0193_z-0028.TIF","Signature","Done","23571756","File","tif","2026-09-23T07:44:04","false","","1","fmt/353","image/tiff","Tagged Image File Format",""
"450","417","file:/data/krp-0193_z/krp-0193_z-0029.TIF","/data/krp-0193_z/krp-0193_z-0029.TIF","krp-0193_z-0029.TIF","Signature","Done","19602918","File","tif","2026-09-23T07:44:07","false","","1","fmt/353","image/tiff","Tagged Image File Format",""
"451","417","file:/data/krp-0193_z/krp-0193_z-0030.TIF","/data/krp-0193_z/krp-0193_z-0030.TIF","krp-0193_z-0030.TIF","Signature","Done","20401532","File","tif","2026-09-23T07:44:10","false","","1","fmt/353","image/tiff","Tagged Image File Format",""
"452","417","file:/data/krp-0193_z/krp-0193_z-0031.TIF","/data/krp-0193_z/krp-0193_z-0031.TIF","krp-0193_z-0031.TIF","Signature","Done","19266392","File","tif","2026-09-23T07:44:13","false","","1","fmt/353","image/tiff","Tagged Image File Format",""
"453","417","file:/data/krp-0193_z/krp-0193_z-0032.TIF","/data/krp-0193_z/krp-0193_z-0032.TIF","krp-0193_z-0032.TIF","Signature","Done","20502788","File","tif","2026-09-23T07:44:17","false","","1","fmt/353","image/tiff","Tagged Image File Format",""
"454","417","file:/data/krp-0193_z/krp-0193_z-0033.TIF","/data/krp-0193_z/krp-0193_z-0033.TIF","krp-0193_z-0033.TIF","Signature","Done","19738858","File","tif","2026-09-23T07:44:20","false","","1","fmt/353","image/tiff","Tagged Image File Format",""
"455","417","file:/data/krp-0193_z/krp-0193_z-0034.TIF","/data/krp-0193_z/krp-0193_z-0034.TIF","krp-0193_z-0034.TIF","Signature","Done","19091452","File","tif","2026-09-23T07:44:22","false","","1","fmt/353","image/tiff","Tagged Image File Format",""
"456","417","file:/data/krp-0193_z/krp-0193_z-0035.TIF","/data/krp-0193_z/krp-0193_z-0035.TIF","krp-0193_z-0035.TIF","Signature","Done","20106698","File","tif","2026-09-23T07:44:25","false","","1","fmt/353","image/tiff","Tagged Image File Format",""
"457","417","file:/data/krp-0193_z/krp-0193_z-0036.TIF","/data/krp-0193_z/krp-0193_z-0036.TIF","krp-0193_z-0036.TIF","Signature","Done","21744936","File","tif","2026-09-23T07:44:28","false","","1","fmt/353","image/tiff","Tagged Image File Format",""
"458","417","file:/data/krp-0193_z/krp-0193_z-0037.TIF","/data/krp-0193_z/krp-0193_z-0037.TIF","krp-0193_z-0037.TIF","Signature","Done","20460476","File","tif","2026-09-23T07:44:31","false","","1","fmt/353","image/tiff","Tagged Image File Format",""
"459","417","file:/data/krp-0193_z/krp-0193_z-0038.TIF","/data/krp-0193_z/krp-0193_z-0038.TIF","krp-0193_z-0038.TIF","Signature","Done","19855194","File","tif","2026-09-23T07:44:34","false","","1","fmt/353","image/tiff","Tagged Image File Format",""
"460","417","file:/data/krp-0193_z/krp-0193_z-0039.TIF","/data/krp-0193_z/krp-0193_z-0039.TIF","krp-0193_z-0039.TIF","Signature","Done","19851734","File","tif","2026-09-23T07:44:37","false","","1","fmt/353","image/tiff","Tagged Image File Format",""
"461","417","file:/data/krp-0193_z/krp-0193_z-0040.TIF","/data/krp-0193_z/krp-0193_z-0040.TIF","krp-0193_z-0040.TIF","Signature","Done","20295332","File","tif","2026-09-23T07:44:40","false","","1","fmt/353","image/tiff","Tagged Image File Format",""
"462","417","file:/data/krp-0193_z/krp-0193_z-0041.TIF","/data/krp-0193_z/krp-0193_z-0041.TIF","krp-0193_z-0041.TIF","Signature","Done","20900626","File","tif","2026-09-23T07:44:43","false","","1","fmt/353","image/tiff","Tagged Image File Format",""
"463","417","file:/data/krp-0193_z/krp-0193_z-0042.TIF","/data/krp-0193_z/krp-0193_z-0042.TIF","krp-0193_z-0042.TIF","Signature","Done","22202684","File","tif","2026-09-23T07:44:46","false","","1","fmt/353","image/tiff","Tagged Image File Format",""
"464","417","file:/data/krp-0193_z/krp-0193_z-0043.TIF","/data/krp-0193_z/krp-0193_z-0043.TIF","krp-0193_z-0043.TIF","Signature","Done","21556044","File","tif","2026-09-23T07:44:49","false","","1","fmt/353","image/tiff","Tagged Image File Format",""
