"ID","PARENT_ID","URI","FILE_PATH","NAME","METHOD","STATUS","SIZE","TYPE","EXT","LAST_MODIFIED","EXTENSION_MISMATCH","HASH","FORMAT_COUNT","PUID","MIME_TYPE","FORMAT_NAME","FORMAT_VERSION"
"1","","file:/data/","/data","data","","Done","","Folder","","2026-09-16T13:10:44","false","",""
"2","1","file:/data/krp-0151_b/","/data/krp-0151_b","krp-0151_b","","Done","","Folder","","2026-09-16T13:06:35","false","",""
"3","2","file:/data/krp-0151_b/krp-0151_b01/","/data/krp-0151_b/krp-0151_b01","krp-0151_b01","","Done","","Folder","","2026-09-17T08:59:12","false","",""
"4","3","file:/data/krp-0151_b/krp-0151_b01/krp-0151_b01-0002.TIF","/data/krp-0151_b/krp-0151_b01/krp-0151_b01-0002.TIF","krp-0151_b01-0002.TIF","Signature","Done","21827296","File","tif","2026-09-17T08:58:03","false","","1","fmt/353","image/tiff","Tagged Image File Format",""
"5","3","file:/data/krp-0151_b/krp-0151_b01/krp-0151_b01-0001.TIF","/data/krp-0151_b/krp-0151_b01/krp-0151_b01-0001.TIF","krp-0151_b01-0001.TIF","Signature","Done","20754832","File","tif","2026-09-17T08:57:57","false","","1","fmt/353","image/tiff","Tagged Image File Format",""
"6","3","file:/data/krp-0151_b/krp-0151_b01/krp-0151_b01-0003.TIF","/data/krp-0151_b/krp-0151_b01/krp-0151_b01-0003.TIF","krp-0151_b01-0003.TIF","Signature","Done","20690442","File","tif","2026-09-17T08:58:06","false","","1","fmt/353","image/tiff","Tagged Image File Format",""
"7","3","file:/data/krp-0151_b/krp-0151_b01/krp-0151_b01-0004.TIF","/data/krp-0151_b/krp-0151_b01/krp-0151_b01-0004.TIF","krp-0151_b01-0004.TIF","Signature","Done","21220728","File","tif","2026-09-17T08:58:09","false","","1","fmt/353","image/tiff","Tagged Image File Format",""
"8","3","file:/data/krp-0151_b/krp-0151_b01/krp-0151_b01-0005.TIF","/data/krp-0151_b/krp-0151_b01/krp-0151_b01-0005.TIF","krp-0151_b01-0005.TIF","Signature","Done","19716122","File","tif","2026-09-17T08:58:12","false","","1","fmt/353","image/tiff","Tagged Image File Format",""
"9","3","file:/data/krp-0151_b/krp-0151_b01/krp-0151_b01-0007.TIF","/data/krp-0151_b/krp-0151_b01/krp-0151_b01-0007.TIF","krp-0151_b01-0007.TIF","Signature","Done","19506650","File","tif","2026-09-17T08:58:17","false","","1","fmt/353","image/tiff","Tagged Image File Format",""
"10","3","file:/data/krp-0151_b/krp-0151_b01/krp-0151_b01-0010.TIF","/data/krp-0151_b/krp-0151_b01/krp-0151_b01-0010.TIF","krp-0151_b01-0010.TIF","Signature","Done","20687736","File","tif","2026-09-17T08:58:27","false","","1","fmt/353","image/tiff","Tagged Image File Format",""
"11","3","file:/data/krp-0151_b/krp-0151_b01/krp-0151_b01-0006.TIF","/data/krp-0151_b/krp-0151_b01/krp-0151_b01-0006.TIF","krp-0151_b01-0006.TIF","Signature","Done","20267994","File","tif","2026-09-17T08:58:15","false","","1","fmt/353","image/tiff","Tagged Image File Format",""
"12","3","file:/data/krp-0151_b/krp-0151_b01/krp-0151_b01-0008.TIF","/data/krp-0151_b/krp-0151_b01/krp-0151_b01-0008.TIF","krp-0151_b01-0008.TIF","Signature","Done","19989396","File","tif","2026-09-17T08:58:21","false","","1","fmt/353","image/tiff","Tagged Image File Format",""
"13","3","file:/data/krp-0151_b/krp-0151_b01/krp-0151_b01-0011.TIF","/data/krp-0151_b/krp-0151_b01/krp-0151_b01-0011.TIF","krp-0151_b01-0011.TIF","Signature","Done","20649644","File","tif","2026-09-17T08:58:29","false","","1","fmt/353","image/tiff","Tagged Image File Format",""
"14","3","file:/data/krp-0151_b/krp-0151_b01/krp-0151_b01-0009.TIF","/data/krp-0151_b/krp-0151_b01/krp-0151_b01-0009.TIF","krp-0151_b01-0009.TIF","Signature","Done","20911704","File","tif","2026-09-17T08:58:24","false","","1","fmt/353","image/tiff","Tagged Image File Format",""
"15","3","file:/data/krp-0151_b/krp-0151_b01/krp-0151_b01-0012.TIF","/data/krp-0151_b/krp-0151_b01/krp-0151_b01-0012.TIF","krp-0151_b01-0012.TIF","Signature","Done","18519378","File","tif","2026-09-17T08:58:32","false","","1","fmt/353","image/tiff","Tagged Image File Format",""
"16","3","file:/data/krp-0151_b/krp-0151_b01/krp-0151_b01-0013.TIF","/data/krp-0151_b/krp-0151_b01/krp-0151_b01-0013.TIF","krp-0151_b01-0013.TIF","Signature","Done","22155446","File","tif","2026-09-17T08:58:35","false","","1","fmt/353","image/tiff","Tagged Image File Format",""
"17","3","file:/data/krp-0151_b/krp-0151_b01/krp-0151_b01-0014.TIF","/data/krp-0151_b/krp-0151_b01/krp-0151_b01-0014.TIF","krp-0151_b01-0014.TIF","Signature","Done","22006662","File","tif","2026-09-17T08:58:38","false","","1","fmt/353","image/tiff","Tagged Image File Format",""
"18","3","file:/data/krp-0151_b/krp-0151_b01/krp-0151_b01-0015.TIF","/data/krp-0151_b/krp-0151_b01/krp-0151_b01-0015.TIF","krp-0151_b01-0015.TIF","Signature","Done","18409706","File","tif","2026-09-17T08:58:40","false","","1","fmt/353","image/tiff","Tagged Image File Format",""
"19","3","file:/data/krp-0151_b/krp-0151_b01/krp-0151_b01-0016.TIF","/data/krp-0151_b/krp-0151_b01/krp-0151_b01-0016.TIF","krp-0151_b01-0016.TIF","Signature","Done","23813708","File","tif","2026-09-17T08:58:43","false","","1","fmt/353","image/tiff","Tagged Image File Format",""
"20","3","file:/data/krp-0151_b/krp-0151_b01/krp-0151_b01-0017.TIF","/data/krp-0151_b/krp-0151_b01/krp-0151_b01-0017.TIF","krp-0151_b01-0017.TIF","Signature","Done","23407346","File","tif","2026-09-17T08:58:46","false","","1","fmt/353","image/tiff","Tagged Image File Format",""
"21","3","file:/data/krp-0151_b/krp-0151_b01/krp-0151_b01-0018.TIF","/data/krp-0151_b/krp-0151_b01/krp-0151_b01-0018.TIF","krp-0151_b01-0018.TIF","Signature","Done","20402338","File","tif","2026-09-17T08:58:49","false","","1","fmt/353","image/tiff","Tagged Image File Format",""
"22","3","file:/data/krp-0151_b/krp-0151_b01/krp-0151_b01-0019.TIF","/data/krp-0151_b/krp-0151_b01/krp-0151_b01-0019.TIF","krp-0151_b01-0019.TIF","Signature","Done","20113048","File","tif","2026-09-17T08:58:52","false","","1","fmt/353","image/tiff","Tagged Image File Format",""
"23","3","file:/data/krp-0151_b/krp-0151_b01/krp-0151_b01-0020.TIF","/data/krp-0151_b/krp-0151_b01/krp-0151_b01-0020.TIF","krp-0151_b01-0020.TIF","Signature","Done","18225416","File","tif","2026-09-17T08:58:54","false","","1","fmt/353","image/tiff","Tagged Image File Format",""
"24","2","file:/data/krp-0151_b/krp-0151_b02/","/data/krp-0151_b/krp-0151_b02","krp-0151_b02","","Done","","Folder","","2026-09-17T09:01:51","false","",""
"25","3","file:/data/krp-0151_b/krp-0151_b01/krp-0151_b01-0021.TIF","/data/krp-0151_b/krp-0151_b01/krp-0151_b01-0021.TIF","krp-0151_b01-0021.TIF","Signature","Done","22169022","File","tif","2026-09-17T08:58:57","false","","1","fmt/353","image/tiff","Tagged Image File Format",""
"26","3","file:/data/krp-0151_b/krp-0151_b01/krp-0151_b01-0022.TIF","/data/krp-0151_b/krp-0151_b01/krp-0151_b01-0022.TIF","krp-0151_b01-0022.TIF","Signature","Done","20001404","File","tif","2026-09-17T08:59:00","false","","1","fmt/353","image/tiff","Tagged Image File Format",""
"27","3","file:/data/krp-0151_b/krp-0151_b01/krp-0151_b01-0023.TIF","/data/krp-0151_b/krp-0151_b01/krp-0151_b01-0023.TIF","krp-0151_b01-0023.TIF","Signature","Done","20549452","File","tif","2026-09-17T08:59:03","false","","1","fmt/353","image/tiff","Tagged Image File Format",""
"28","3","file:/data/krp-0151_b/krp-0151_b01/krp-0151_b01-0024.TIF","/data/krp-0151_b/krp-0151_b01/krp-0151_b01-0024.TIF","krp-0151_b01-0024.TIF","Signature","Done","18936150","File","tif","2026-09-17T08:59:06","false","","1","fmt/353","image/tiff","Tagged Image File Format",""
"29","3","file:/data/krp-0151_b/krp-0151_b01/krp-0151_b01-0025.TIF","/data/krp-0151_b/krp-0151_b01/krp-0151_b01-0025.TIF","krp-0151_b01-0025.TIF","Signature","Done","20228116","File","tif","2026-09-17T08:59:09","false","","1","fmt/353","image/tiff","Tagged Image File Format",""
"30","3","file:/data/krp-0151_b/krp-0151_b01/krp-0151_b01-0026.TIF","/data/krp-0151_b/krp-0151_b01/krp-0151_b01-0026.TIF","krp-0151_b01-0026.TIF","Signature","Done","21876372","File","tif","2026-09-17T08:59:12","false","","1","fmt/353","image/tiff","Tagged Image File Format",""
"31","24","file:/data/krp-0151_b/krp-0151_b02/krp-0151_b02-0001.TIF","/data/krp-0151_b/krp-0151_b02/krp-0151_b02-0001.TIF","krp-0151_b02-0001.TIF","Signature","Done","26289084","File","tif","2026-09-17T08:59:16","false","","1","fmt/353","image/tiff","Tagged Image File Format",""
"32","24","file:/data/krp-0151_b/krp-0151_b02/krp-0151_b02-0002.TIF","/data/krp-0151_b/krp-0151_b02/krp-0151_b02-0002.TIF","krp-0151_b02-0002.TIF","Signature","Done","25996524","File","tif","2026-09-17T08:59:19","false","","1","fmt/353","image/tiff","Tagged Image File Format",""
"33","24","file:/data/krp-0151_b/krp-0151_b02/krp-0151_b02-0003.TIF","/data/krp-0151_b/krp-0151_b02/krp-0151_b02-0003.TIF","krp-0151_b02-0003.TIF","Signature","Done","28049618","File","tif","2026-09-17T08:59:23","false","","1","fmt/353","image/tiff","Tagged Image File Format",""
"34","24","file:/data/krp-0151_b/krp-0151_b02/krp-0151_b02-0004.TIF","/data/krp-0151_b/krp-0151_b02/krp-0151_b02-0004.TIF","krp-0151_b02-0004.TIF","Signature","Done","25671272","File","tif","2026-09-17T08:59:26","false","","1","fmt/353","image/tiff","Tagged Image File Format",""
"35","24","file:/data/krp-0151_b/krp-0151_b02/krp-0151_b02-0005.TIF","/data/krp-0151_b/krp-0151_b02/krp-0151_b02-0005.TIF","krp-0151_b02-0005.TIF","Signature","Done","27715910","File","tif","2026-09-17T08:59:30","false","","1","fmt/353","image/tiff","Tagged Image File Format",""
"36","24","file:/data/krp-0151_b/krp-0151_b02/krp-0151_b02-0006.TIF","/data/krp-0151_b/krp-0151_b02/krp-0151_b02-0006.TIF","krp-0151_b02-0006.TIF","Signature","Done","25479038","File","tif","2026-09-17T08:59:33","false","","1","fmt/353","image/tiff","Tagged Image File Format",""
"37","24","file:/data/krp-0151_b/krp-0151_b02/krp-0151_b02-0007.TIF","/data/krp-0151_b/krp-0151_b02/krp-0151_b02-0007.TIF","krp-0151_b02-0007.TIF","Signature","Done","28588954","File","tif","2026-09-17T08:59:36","false","","1","fmt/353","image/tiff","Tagged Image File Format",""
"38","24","file:/data/krp-0151_b/krp-0151_b02/krp-0151_b02-0008.TIF","/data/krp-0151_b/krp-0151_b02/krp-0151_b02-0008.TIF","krp-0151_b02-0008.TIF","Signature","Done","25768706","File","tif","2026-09-17T08:59:39","false","","1","fmt/353","image/tiff","Tagged Image File Format",""
"39","24","file:/data/krp-0151_b/krp-0151_b02/krp-0151_b02-0009.TIF","/data/krp-0151_b/krp-0151_b02/krp-0151_b02-0009.TIF","krp-0151_b02-0009.TIF","Signature","Done","27588478","File","tif","2026-09-17T08:59:43","false","","1","fmt/353","image/tiff","Tagged Image File Format",""
"40","24","file:/data/krp-0151_b/krp-0151_b02/krp-0151_b02-0010.TIF","/data/krp-0151_b/krp-0151_b02/krp-0151_b02-0010.TIF","krp-0151_b02-0010.TIF","Signature","Done","26209738","File","tif","2026-09-17T08:59:47","false","","1","fmt/353","image/tiff","Tagged Image File Format",""
"41","24","file:/data/krp-0151_b/krp-0151_b02/krp-0151_b02-0011.TIF","/data/krp-0151_b/krp-0151_b02/krp-0151_b02-0011.TIF","krp-0151_b02-0011.TIF","Signature","Done","25179380","File","tif","2026-09-17T08:59:50","false","","1","fmt/353","image/tiff","Tagged Image File Format",""
"42","24","file:/data/krp-0151_b/krp-0151_b02/krp-0151_b02-0012.TIF","/data/krp-0151_b/krp-0151_b02/krp-0151_b02-0012.TIF","krp-0151_b02-0012.TIF","Signature","Done","28072902","File","tif","2026-09-17T08:59:54","false","","1","fmt/353","image/tiff","Tagged Image File Format",""
"43","24","file:/data/krp-0151_b/krp-0151_b02/krp-0151_b02-0013.TIF","/data/krp-0151_b/krp-0151_b02/krp-0151_b02-0013.TIF","krp-0151_b02-0013.TIF","Signature","Done","29976442","File","tif","2026-09-17T08:59:57","false","","1","fmt/353","image/tiff","Tagged Image File Format",""
"44","24","file:/data/krp-0151_b/krp-0151_b02/krp-0151_b02-0014.TIF","/data/krp-0151_b/krp-0151_b02/krp-0151_b02-0014.TIF","krp-0151_b02-0014.TIF","Signature","Done","29263694","File","tif","2026-09-17T09:00:00","false","","1","fmt/353","image/tiff","Tagged Image File Format",""
"45","24","file:/data/krp-0151_b/krp-0151_b02/krp-0151_b02-0015.TIF","/data/krp-0151_b/krp-0151_b02/krp-0151_b02-0015.TIF","krp-0151_b02-0015.TIF","Signature","Done","27709492","File","tif","2026-09-17T09:00:03","false","","1","fmt/353","image/tiff","Tagged Image File Format",""
"46","24","file:/data/krp-0151_b/krp-0151_b02/krp-0151_b02-0016.TIF","/data/krp-0151_b/krp-0151_b02/krp-0151_b02-0016.TIF","krp-0151_b02-0016.TIF","Signature","Done","29104050","File","tif","2026-09-17T09:00:07","false","","1","fmt/353","image/tiff","Tagged Image File Format",""
"47","24","file:/data/krp-0151_b/krp-0151_b02/krp-0151_b02-0017.TIF","/data/krp-0151_b/krp-0151_b02/krp-0151_b02-0017.TIF","krp-0151_b02-0017.TIF","Signature","Done","28604918","File","tif","2026-09-17T09:00:10","false","","1","fmt/353","image/tiff","Tagged Image File Format",""
"48","24","file:/data/krp-0151_b/krp-0151_b02/krp-0151_b02-0018.TIF","/data/krp-0151_b/krp-0151_b02/krp-0151_b02-0018.TIF","krp-0151_b02-0018.TIF","Signature","Done","28395048","File","tif","2026-09-17T09:00:13","false","","1","fmt/353","image/tiff","Tagged Image File Format",""
"49","24","file:/data/krp-0151_b/krp-0151_b02/krp-0151_b02-0019.TIF","/data/krp-0151_b/krp-0151_b02/krp-0151_b02-0019.TIF","krp-0151_b02-0019.TIF","Signature","Done","28697502","File","tif","2026-09-17T09:00:17","false","","1","fmt/353","image/tiff","Tagged Image File Format",""
"50","24","file:/data/krp-0151_b/krp-0151_b02/krp-0151_b02-0020.TIF","/data/krp-0151_b/krp-0151_b02/krp-0151_b02-0020.TIF","krp-0151_b02-0020.TIF","Signature","Done","28865596","File","tif","2026-09-17T09:00:21","false","","1","fmt/353","image/tiff","Tagged Image File Format",""
"51","24","file:/data/krp-0151_b/krp-0151_b02/krp-0151_b02-0021.TIF","/data/krp-0151_b/krp-0151_b02/krp-0151_b02-0021.TIF","krp-0151_b02-0021.TIF","Signature","Done","26214178","File","tif","2026-09-17T09:00:24","false","","1","fmt/353","image/tiff","Tagged Image File Format",""
"52","24","file:/data/krp-0151_b/krp-0151_b02/krp-0151_b02-0022.TIF","/data/krp-0151_b/krp-0151_b02/krp-0151_b02-0022.TIF","krp-0151_b02-0022.TIF","Signature","Done","25647944","File","tif","2026-09-17T09:00:27","false","","1","fmt/353","image/tiff","Tagged Image File Format",""
"53","24","file:/data/krp-0151_b/krp-0151_b02/krp-0151_b02-0023.TIF","/data/krp-0151_b/krp-0151_b02/krp-0151_b02-0023.TIF","krp-0151_b02-0023.TIF","Signature","Done","24434756","File","tif","2026-09-17T09:00:30","false","","1","fmt/353","image/tiff","Tagged Image File Format",""
"54","24","file:/data/krp-0151_b/krp-0151_b02/krp-0151_b02-0024.TIF","/data/krp-0151_b/krp-0151_b02/krp-0151_b02-0024.TIF","krp-0151_b02-0024.TIF","Signature","Done","28373246","File","tif","2026-09-17T09:00:34","false","","1","fmt/353","image/tiff","Tagged Image File Format",""
"55","24","file:/data/krp-0151_b/krp-0151_b02/krp-0151_b02-0025.TIF","/data/krp-0151_b/krp-0151_b02/krp-0151_b02-0025.TIF","krp-0151_b02-0025.TIF","Signature","Done","25257440","File","tif","2026-09-17T09:00:37","false","","1","fmt/353","image/tiff","Tagged Image File Format",""
"56","24","file:/data/krp-0151_b/krp-0151_b02/krp-0151_b02-0026.TIF","/data/krp-0151_b/krp-0151_b02/krp-0151_b02-0026.TIF","krp-0151_b02-0026.TIF","Signature","Done","27976664","File","tif","2026-09-17T09:00:40","false","","1","fmt/353","image/tiff","Tagged Image File Format",""
"57","24","file:/data/krp-0151_b/krp-0151_b02/krp-0151_b02-0027.TIF","/data/krp-0151_b/krp-0151_b02/krp-0151_b02-0027.TIF","krp-0151_b02-0027.TIF","Signature","Done","29276686","File","tif","2026-09-17T09:00:44","false","","1","fmt/353","image/tiff","Tagged Image File Format",""
"58","24","file:/data/krp-0151_b/krp-0151_b02/krp-0151_b02-0028.TIF","/data/krp-0151_b/krp-0151_b02/krp-0151_b02-0028.TIF","krp-0151_b02-0028.TIF","Signature","Done","27510638","File","tif","2026-09-17T09:00:47","false","","1","fmt/353","image/tiff","Tagged Image File Format",""
"59","24","file:/data/krp-0151_b/krp-0151_b02/krp-0151_b02-0029.TIF","/data/krp-0151_b/krp-0151_b02/krp-0151_b02-0029.TIF","krp-0151_b02-0029.TIF","Signature","Done","28013090","File","tif","2026-09-17T09:00:51","false","","1","fmt/353","image/tiff","Tagged Image File Format",""
"60","24","file:/data/krp-0151_b/krp-0151_b02/krp-0151_b02-0030.TIF","/data/krp-0151_b/krp-0151_b02/krp-0151_b02-0030.TIF","krp-0151_b02-0030.TIF","Signature","Done","27349836","File","tif","2026-09-17T09:00:54","false","","1","fmt/353","image/tiff","Tagged Image File Format",""
"61","24","file:/data/krp-0151_b/krp-0151_b02/krp-0151_b02-0031.TIF","/data/krp-0151_b/krp-0151_b02/krp-0151_b02-0031.TIF","krp-0151_b02-0031.TIF","Signature","Done","29370590","File","tif","2026-09-17T09:00:57","false","","1","fmt/353","image/tiff","Tagged Image File Format",""
"62","24","file:/data/krp-0151_b/krp-0151_b02/krp-0151_b02-0032.TIF","/data/krp-0151_b/krp-0151_b02/krp-0151_b02-0032.TIF","krp-0151_b02-0032.TIF","Signature","Done","28886508","File","tif","2026-09-17T09:01:00","false","","1","fmt/353","image/tiff","Tagged Image File Format",""
"63","24","file:/data/krp-0151_b/krp-0151_b02/krp-0151_b02-0033.TIF","/data/krp-0151_b/krp-0151_b02/krp-0151_b02-0033.TIF","krp-0151_b02-0033.TIF","Signature","Done","28452160","File","tif","2026-09-17T09:01:04","false","","1","fmt/353","image/tiff","Tagged Image File Format",""
"64","24","file:/data/krp-0151_b/krp-0151_b02/krp-0151_b02-0034.TIF","/data/krp-0151_b/krp-0151_b02/krp-0151_b02-0034.TIF","krp-0151_b02-0034.TIF","Signature","Done","27516886","File","tif","2026-09-17T09:01:07","false","","1","fmt/353","image/tiff","Tagged Image File Format",""
"65","24","file:/data/krp-0151_b/krp-0151_b02/krp-0151_b02-0035.TIF","/data/krp-0151_b/krp-0151_b02/krp-0151_b02-0035.TIF","krp-0151_b02-0035.TIF","Signature","Done","30005870","File","tif","2026-09-17T09:01:10","false","","1","fmt/353","image/tiff","Tagged Image File Format",""
"66","24","file:/data/krp-0151_b/krp-0151_b02/krp-0151_b02-0036.TIF","/data/krp-0151_b/krp-0151_b02/krp-0151_b02-0036.TIF","krp-0151_b02-0036.TIF","Signature","Done","26951582","File","tif","2026-09-17T09:01:13","false","","1","fmt/353","image/tiff","Tagged Image File Format",""
"67","24","file:/data/krp-0151_b/krp-0151_b02/krp-0151_b02-0037.TIF","/data/krp-0151_b/krp-0151_b02/krp-0151_b02-0037.TIF","krp-0151_b02-0037.TIF","Signature","Done","30505026","File","tif","2026-09-17T09:01:17","false","","1","fmt/353","image/tiff","Tagged Image File Format",""
"68","24","file:/data/krp-0151_b/krp-0151_b02/krp-0151_b02-0038.TIF","/data/krp-0151_b/krp-0151_b02/krp-0151_b02-0038.TIF","krp-0151_b02-0038.TIF","Signature","Done","28074050","File","tif","2026-09-17T09:01:20","false","","1","fmt/353","image/tiff","Tagged Image File Format",""
"69","24","file:/data/krp-0151_b/krp-0151_b02/krp-0151_b02-0039.TIF","/data/krp-0151_b/krp-0151_b02/krp-0151_b02-0039.TIF","krp-0151_b02-0039.TIF","Signature","Done","29694174","File","tif","2026-09-17T09:01:24","false","","1","fmt/353","image/tiff","Tagged Image File Format",""
"70","24","file:/data/krp-0151_b/krp-0151_b02/krp-0151_b02-0040.TIF","/data/krp-0151_b/krp-0151_b02/krp-0151_b02-0040.TIF","krp-0151_b02-0040.TIF","Signature","Done","25996758","File","tif","2026-09-17T09:01:27","false","","1","fmt/353","image/tiff","Tagged Image File Format",""
"71","24","file:/data/krp-0151_b/krp-0151_b02/krp-0151_b02-0041.TIF","/data/krp-0151_b/krp-0151_b02/krp-0151_b02-0041.TIF","krp-0151_b02-0041.TIF","Signature","Done","27845320","File","tif","2026-09-17T09:01:30","false","","1","fmt/353","image/tiff","Tagged Image File Format",""
"72","24","file:/data/krp-0151_b/krp-0151_b02/krp-0151_b02-0042.TIF","/data/krp-0151_b/krp-0151_b02/krp-0151_b02-0042.TIF","krp-0151_b02-0042.TIF","Signature","Done","27834342","File","tif","2026-09-17T09:01:34","false","","1","fmt/353","image/tiff","Tagged Image File Format",""
"73","2","file:/data/krp-0151_b/krp-0151_b03/","/data/krp-0151_b/krp-0151_b03","krp-0151_b03","","Done","","Folder","","2026-09-17T09:02:11","false","",""
"74","24","file:/data/krp-0151_b/krp-0151_b02/krp-0151_b02-0043.TIF","/data/krp-0151_b/krp-0151_b02/krp-0151_b02-0043.TIF","krp-0151_b02-0043.TIF","Signature","Done","25713624","File","tif","2026-09-17T09:01:37","false","","1","fmt/353","image/tiff","Tagged Image File Format",""
"75","24","file:/data/krp-0151_b/krp-0151_b02/krp-0151_b02-0044.TIF","/data/krp-0151_b/krp-0151_b02/krp-0151_b02-0044.TIF","krp-0151_b02-0044.TIF","Signature","Done","27587486","File","tif","2026-09-17T09:01:41","false","","1","fmt/353","image/tiff","Tagged Image File Format",""
"76","24","file:/data/krp-0151_b/krp-0151_b02/krp-0151_b02-0045.TIF","/data/krp-0151_b/krp-0151_b02/krp-0151_b02-0045.TIF","krp-0151_b02-0045.TIF","Signature","Done","28577866","File","tif","2026-09-17T09:01:44","false","","1","fmt/353","image/tiff","Tagged Image File Format",""
"77","24","file:/data/krp-0151_b/krp-0151_b02/krp-0151_b02-0046.TIF","/data/krp-0151_b/krp-0151_b02/krp-0151_b02-0046.TIF","krp-0151_b02-0046.TIF","Signature","Done","31104882","File","tif","2026-09-17T09:01:47","false","","1","fmt/353","image/tiff","Tagged Image File Format",""
"78","24","file:/data/krp-0151_b/krp-0151_b02/krp-0151_b02-0047.TIF","/data/krp-0151_b/krp-0151_b02/krp-0151_b02-0047.TIF","krp-0151_b02-0047.TIF","Signature","Done","28378548","File","tif","2026-09-17T09:01:51","false","","1","fmt/353","image/tiff","Tagged Image File Format",""
"79","2","file:/data/krp-0151_b/krp-0151_b04/","/data/krp-0151_b/krp-0151_b04","krp-0151_b04","","Done","","Folder","","2026-09-17T09:02:36","false","",""
"80","73","file:/data/krp-0151_b/krp-0151_b03/krp-0151_b03-0001.TIF","/data/krp-0151_b/krp-0151_b03/krp-0151_b03-0001.TIF","krp-0151_b03-0001.TIF","Signature","Done","26809814","File","tif","2026-09-17T09:01:54","false","","1","fmt/353","image/tiff","Tagged Image File Format",""
"81","73","file:/data/krp-0151_b/krp-0151_b03/krp-0151_b03-0002.TIF","/data/krp-0151_b/krp-0151_b03/krp-0151_b03-0002.TIF","krp-0151_b03-0002.TIF","Signature","Done","27452080","File","tif","2026-09-17T09:01:58","false","","1","fmt/353","image/tiff","Tagged Image File Format",""
"82","73","file:/data/krp-0151_b/krp-0151_b03/krp-0151_b03-0003.TIF","/data/krp-0151_b/krp-0151_b03/krp-0151_b03-0003.TIF","krp-0151_b03-0003.TIF","Signature","Done","27598134","File","tif","2026-09-17T09:02:01","false","","1","fmt/353","image/tiff","Tagged Image File Format",""
"83","73","file:/data/krp-0151_b/krp-0151_b03/krp-0151_b03-0004.TIF","/data/krp-0151_b/krp-0151_b03/krp-0151_b03-0004.TIF","krp-0151_b03-0004.TIF","Signature","Done","28434588","File","tif","2026-09-17T09:02:04","false","","1","fmt/353","image/tiff","Tagged Image File Format",""
"84","73","file:/data/krp-0151_b/krp-0151_b03/krp-0151_b03-0005.TIF","/data/krp-0151_b/krp-0151_b03/krp-0151_b03-0005.TIF","krp-0151_b03-0005.TIF","Signature","Done","33515794","File","tif","2026-09-17T09:02:08","false","","1","fmt/353","image/tiff","Tagged Image File Format",""
"85","73","file:/data/krp-0151_b/krp-0151_b03/krp-0151_b03-0006.TIF","/data/krp-0151_b/krp-0151_b03/krp-0151_b03-0006.TIF","krp-0151_b03-0006.TIF","Signature","Done","27939986","File","tif","2026-09-17T09:02:11","false","","1","fmt/353","image/tiff","Tagged Image File Format",""
"86","79","file:/data/krp-0151_b/krp-0151_b04/krp-0151_b04-0001.TIF","/data/krp-0151_b/krp-0151_b04/krp-0151_b04-0001.TIF","krp-0151_b04-0001.TIF","Signature","Done","29218434","File","tif","2026-09-17T09:02:15","false","","1","fmt/353","image/tiff","Tagged Image File Format",""
"87","2","file:/data/krp-0151_b/krp-0151_b05/","/data/krp-0151_b/krp-0151_b05","krp-0151_b05","","Done","","Folder","","2026-09-17T09:02:57","false","",""
"88","79","file:/data/krp-0151_b/krp-0151_b04/krp-0151_b04-0002.TIF","/data/krp-0151_b/krp-0151_b04/krp-0151_b04-0002.TIF","krp-0151_b04-0002.TIF","Signature","Done","29199658","File","tif","2026-09-17T09:02:19","false","","1","fmt/353","image/tiff","Tagged Image File Format",""
"89","79","file:/data/krp-0151_b/krp-0151_b04/krp-0151_b04-0003.TIF","/data/krp-0151_b/krp-0151_b04/krp-0151_b04-0003.TIF","krp-0151_b04-0003.TIF","Signature","Done","29023038","File","tif","2026-09-17T09:02:22","false","","1","fmt/353","image/tiff","Tagged Image File Format",""
"90","79","file:/data/krp-0151_b/krp-0151_b04/krp-0151_b04-0004.TIF","/data/krp-0151_b/krp-0151_b04/krp-0151_b04-0004.TIF","krp-0151_b04-0004.TIF","Signature","Done","35623380","File","tif","2026-09-17T09:02:26","false","","1","fmt/353","image/tiff","Tagged Image File Format",""
"91","79","file:/data/krp-0151_b/krp-0151_b04/krp-0151_b04-0005.TIF","/data/krp-0151_b/krp-0151_b04/krp-0151_b04-0005.TIF","krp-0151_b04-0005.TIF","Signature","Done","34095728","File","tif","2026-09-17T09:02:30","false","","1","fmt/353","image/tiff","Tagged Image File Format",""
"92","79","file:/data/krp-0151_b/krp-0151_b04/krp-0151_b04-0006.TIF","/data/krp-0151_b/krp-0151_b04/krp-0151_b04-0006.TIF","krp-0151_b04-0006.TIF","Signature","Done","30566054","File","tif","2026-09-17T09:02:33","false","","1","fmt/353","image/tiff","Tagged Image File Format",""
"93","79","file:/data/krp-0151_b/krp-0151_b04/krp-0151_b04-0007.TIF","/data/krp-0151_b/krp-0151_b04/krp-0151_b04-0007.TIF","krp-0151_b04-0007.TIF","Signature","Done","29069276","File","tif","2026-09-17T09:02:36","false","","1","fmt/353","image/tiff","Tagged Image File Format",""
"94","2","file:/data/krp-0151_b/krp-0151_b06/","/data/krp-0151_b/krp-0151_b06","krp-0151_b06","","Done","","Folder","","2026-09-17T09:06:05","false","",""
"95","87","file:/data/krp-0151_b/krp-0151_b05/krp-0151_b05-0001.TIF","/data/krp-0151_b/krp-0151_b05/krp-0151_b05-0001.TIF","krp-0151_b05-0001.TIF","Signature","Done","28066746","File","tif","2026-09-17T09:02:40","false","","1","fmt/353","image/tiff","Tagged Image File Format",""
"96","87","file:/data/krp-0151_b/krp-0151_b05/krp-0151_b05-0002.TIF","/data/krp-0151_b/krp-0151_b05/krp-0151_b05-0002.TIF","krp-0151_b05-0002.TIF","Signature","Done","29632484","File","tif","2026-09-17T09:02:43","false","","1","fmt/353","image/tiff","Tagged Image File Format",""
"97","87","file:/data/krp-0151_b/krp-0151_b05/krp-0151_b05-0003.TIF","/data/krp-0151_b/krp-0151_b05/krp-0151_b05-0003.TIF","krp-0151_b05-0003.TIF","Signature","Done","26246094","File","tif","2026-09-17T09:02:47","false","","1","fmt/353","image/tiff","Tagged Image File Format",""
"98","87","file:/data/krp-0151_b/krp-0151_b05/krp-0151_b05-0004.TIF","/data/krp-0151_b/krp-0151_b05/krp-0151_b05-0004.TIF","krp-0151_b05-0004.TIF","Signature","Done","31892526","File","tif","2026-09-17T09:02:50","false","","1","fmt/353","image/tiff","Tagged Image File Format",""
"99","87","file:/data/krp-0151_b/krp-0151_b05/krp-0151_b05-0005.TIF","/data/krp-0151_b/krp-0151_b05/krp-0151_b05-0005.TIF","krp-0151_b05-0005.TIF","Signature","Done","30441712","File","tif","2026-09-17T09:02:54","false","","1","fmt/353","image/tiff","Tagged Image File Format",""
"100","87","file:/data/krp-0151_b/krp-0151_b05/krp-0151_b05-0006.TIF","/data/krp-0151_b/krp-0151_b05/krp-0151_b05-0006.TIF","krp-0151_b05-0006.TIF","Signature","Done","28074336","File","tif","2026-09-17T09:02:57","false","","1","fmt/353","image/tiff","Tagged Image File Format",""
"101","94","file:/data/krp-0151_b/krp-0151_b06/krp-0151_b06-0001.TIF","/data/krp-0151_b/krp-0151_b06/krp-0151_b06-0001.TIF","krp-0151_b06-0001.TIF","Signature","Done","27173550","File","tif","2026-09-17T09:03:00","false","","1","fmt/353","image/tiff","Tagged Image File Format",""
"102","94","file:/data/krp-0151_b/krp-0151_b06/krp-0151_b06-0002.TIF","/data/krp-0151_b/krp-0151_b06/krp-0151_b06-0002.TIF","krp-0151_b06-0002.TIF","Signature","Done","27037028","File","tif","2026-09-17T09:03:04","false","","1","fmt/353","image/tiff","Tagged Image File Format",""
"103","94","file:/data/krp-0151_b/krp-0151_b06/krp-0151_b06-0003.TIF","/data/krp-0151_b/krp-0151_b06/krp-0151_b06-0003.TIF","krp-0151_b06-0003.TIF","Signature","Done","23746680","File","tif","2026-09-17T09:03:07","false","","1","fmt/353","image/tiff","Tagged Image File Format",""
"104","94","file:/data/krp-0151_b/krp-0151_b06/krp-0151_b06-0004.TIF","/data/krp-0151_b/krp-0151_b06/krp-0151_b06-0004.TIF","krp-0151_b06-0004.TIF","Signature","Done","27183490","File","tif","2026-09-17T09:03:10","false","","1","fmt/353","image/tiff","Tagged Image File Format",""
"105","94","file:/data/krp-0151_b/krp-0151_b06/krp-0151_b06-0005.TIF","/data/krp-0151_b/krp-0151_b06/krp-0151_b06-0005.TIF","krp-0151_b06-0005.TIF","Signature","Done","24812690","File","tif","2026-09-17T09:03:13","false","","1","fmt/353","image/tiff","Tagged Image File Format",""
"106","94","file:/data/krp-0151_b/krp-0151_b06/krp-0151_b06-0006.TIF","/data/krp-0151_b/krp-0151_b06/krp-0151_b06-0006.TIF","krp-0151_b06-0006.TIF","Signature","Done","26519214","File","tif","2026-09-17T09:03:17","false","","1","fmt/353","image/tiff","Tagged Image File Format",""
"107","94","file:/data/krp-0151_b/krp-0151_b06/krp-0151_b06-0007.TIF","/data/krp-0151_b/krp-0151_b06/krp-0151_b06-0007.TIF","krp-0151_b06-0007.TIF","Signature","Done","24179714","File","tif","2026-09-17T09:03:21","false","","1","fmt/353","image/tiff","Tagged Image File Format",""
"108","94","file:/data/krp-0151_b/krp-0151_b06/krp-0151_b06-0008.TIF","/data/krp-0151_b/krp-0151_b06/krp-0151_b06-0008.TIF","krp-0151_b06-0008.TIF","Signature","Done","25467206","File","tif","2026-09-17T09:03:24","false","","1","fmt/353","image/tiff","Tagged Image File Format",""
"109","94","file:/data/krp-0151_b/krp-0151_b06/krp-0151_b06-0009.TIF","/data/krp-0151_b/krp-0151_b06/krp-0151_b06-0009.TIF","krp-0151_b06-0009.TIF","Signature","Done","25872262","File","tif","2026-09-17T09:03:28","false","","1","fmt/353","image/tiff","Tagged Image File Format",""
"110","94","file:/data/krp-0151_b/krp-0151_b06/krp-0151_b06-0010.TIF","/data/krp-0151_b/krp-0151_b06/krp-0151_b06-0010.TIF","krp-0151_b06-0010.TIF","Signature","Done","25757460","File","tif","2026-09-17T09:03:31","false","","1","fmt/353","image/tiff","Tagged Image File Format",""
"111","94","file:/data/krp-0151_b/krp-0151_b06/krp-0151_b06-0011.TIF","/data/krp-0151_b/krp-0151_b06/krp-0151_b06-0011.TIF","krp-0151_b06-0011.TIF","Signature","Done","26084918","File","tif","2026-09-17T09:03:34","false","","1","fmt/353","image/tiff","Tagged Image File Format",""
"112","94","file:/data/krp-0151_b/krp-0151_b06/krp-0151_b06-0012.TIF","/data/krp-0151_b/krp-0151_b06/krp-0151_b06-0012.TIF","krp-0151_b06-0012.TIF","Signature","Done","25625158","File","tif","2026-09-17T09:03:37","false","","1","fmt/353","image/tiff","Tagged Image File Format",""
"113","94","file:/data/krp-0151_b/krp-0151_b06/krp-0151_b06-0013.TIF","/data/krp-0151_b/krp-0151_b06/krp-0151_b06-0013.TIF","krp-0151_b06-0013.TIF","Signature","Done","25673990","File","tif","2026-09-17T09:03:40","false","","1","fmt/353","image/tiff","Tagged Image File Format",""
"114","94","file:/data/krp-0151_b/krp-0151_b06/krp-0151_b06-0014.TIF","/data/krp-0151_b/krp-0151_b06/krp-0151_b06-0014.TIF","krp-0151_b06-0014.TIF","Signature","Done","25062098","File","tif","2026-09-17T09:03:44","false","","1","fmt/353","image/tiff","Tagged Image File Format",""
"115","94","file:/data/krp-0151_b/krp-0151_b06/krp-0151_b06-0015.TIF","/data/krp-0151_b/krp-0151_b06/krp-0151_b06-0015.TIF","krp-0151_b06-0015.TIF","Signature","Done","26890788","File","tif","2026-09-17T09:03:47","false","","1","fmt/353","image/tiff","Tagged Image File Format",""
"116","94","file:/data/krp-0151_b/krp-0151_b06/krp-0151_b06-0016.TIF","/data/krp-0151_b/krp-0151_b06/krp-0151_b06-0016.TIF","krp-0151_b06-0016.TIF","Signature","Done","25968356","File","tif","2026-09-17T09:03:50","false","","1","fmt/353","image/tiff","Tagged Image File Format",""
"117","94","file:/data/krp-0151_b/krp-0151_b06/krp-0151_b06-0017.TIF","/data/krp-0151_b/krp-0151_b06/krp-0151_b06-0017.TIF","krp-0151_b06-0017.TIF","Signature","Done","33150158","File","tif","2026-09-17T09:03:53","false","","1","fmt/353","image/tiff","Tagged Image File Format",""
"118","94","file:/data/krp-0151_b/krp-0151_b06/krp-0151_b06-0018.TIF","/data/krp-0151_b/krp-0151_b06/krp-0151_b06-0018.TIF","krp-0151_b06-0018.TIF","Signature","Done","32194684","File","tif","2026-09-17T09:03:57","false","","1","fmt/353","image/tiff","Tagged Image File Format",""
"119","94","file:/data/krp-0151_b/krp-0151_b06/krp-0151_b06-0019.TIF","/data/krp-0151_b/krp-0151_b06/krp-0151_b06-0019.TIF","krp-0151_b06-0019.TIF","Signature","Done","31304950","File","tif","2026-09-17T09:04:00","false","","1","fmt/353","image/tiff","Tagged Image File Format",""
"120","94","file:/data/krp-0151_b/krp-0151_b06/krp-0151_b06-0020.TIF","/data/krp-0151_b/krp-0151_b06/krp-0151_b06-0020.TIF","krp-0151_b06-0020.TIF","Signature","Done","31932282","File","tif","2026-09-17T09:04:05","false","","1","fmt/353","image/tiff","Tagged Image File Format",""
"121","94","file:/data/krp-0151_b/krp-0151_b06/krp-0151_b06-0021.TIF","/data/krp-0151_b/krp-0151_b06/krp-0151_b06-0021.TIF","krp-0151_b06-0021.TIF","Signature","Done","33483386","File","tif","2026-09-17T09:04:08","false","","1","fmt/353","image/tiff","Tagged Image File Format",""
"122","94","file:/data/krp-0151_b/krp-0151_b06/krp-0151_b06-0022.TIF","/data/krp-0151_b/krp-0151_b06/krp-0151_b06-0022.TIF","krp-0151_b06-0022.TIF","Signature","Done","32610728","File","tif","2026-09-17T09:04:12","false","","1","fmt/353","image/tiff","Tagged Image File Format",""
"123","94","file:/data/krp-0151_b/krp-0151_b06/krp-0151_b06-0023.TIF","/data/krp-0151_b/krp-0151_b06/krp-0151_b06-0023.TIF","krp-0151_b06-0023.TIF","Signature","Done","30298060","File","tif","2026-09-17T09:04:15","false","","1","fmt/353","image/tiff","Tagged Image File Format",""
"124","94","file:/data/krp-0151_b/krp-0151_b06/krp-0151_b06-0024.TIF","/data/krp-0151_b/krp-0151_b06/krp-0151_b06-0024.TIF","krp-0151_b06-0024.TIF","Signature","Done","31383796","File","tif","2026-09-17T09:04:19","false","","1","fmt/353","image/tiff","Tagged Image File Format",""
"125","94","file:/data/krp-0151_b/krp-0151_b06/krp-0151_b06-0025.TIF","/data/krp-0151_b/krp-0151_b06/krp-0151_b06-0025.TIF","krp-0151_b06-0025.TIF","Signature","Done","30842894","File","tif","2026-09-17T09:04:22","false","","1","fmt/353","image/tiff","Tagged Image File Format",""
"126","94","file:/data/krp-0151_b/krp-0151_b06/krp-0151_b06-0026.TIF","/data/krp-0151_b/krp-0151_b06/krp-0151_b06-0026.TIF","krp-0151_b06-0026.TIF","Signature","Done","28840404","File","tif","2026-09-17T09:04:26","false","","1","fmt/353","image/tiff","Tagged Image File Format",""
"127","94","file:/data/krp-0151_b/krp-0151_b06/krp-0151_b06-0027.TIF","/data/krp-0151_b/krp-0151_b06/krp-0151_b06-0027.TIF","krp-0151_b06-0027.TIF","Signature","Done","27868422","File","tif","2026-09-17T09:04:29","false","","1","fmt/353","image/tiff","Tagged Image File Format",""
"128","94","file:/data/krp-0151_b/krp-0151_b06/krp-0151_b06-0028.TIF","/data/krp-0151_b/krp-0151_b06/krp-0151_b06-0028.TIF","krp-0151_b06-0028.TIF","Signature","Done","28164536","File","tif","2026-09-17T09:04:33","false","","1","fmt/353","image/tiff","Tagged Image File Format",""
"129","94","file:/data/krp-0151_b/krp-0151_b06/krp-0151_b06-0029.TIF","/data/krp-0151_b/krp-0151_b06/krp-0151_b06-0029.TIF","krp-0151_b06-0029.TIF","Signature","Done","23324734","File","tif","2026-09-17T09:04:36","false","","1","fmt/353","image/tiff","Tagged Image File Format",""
"130","94","file:/data/krp-0151_b/krp-0151_b06/krp-0151_b06-0030.TIF","/data/krp-0151_b/krp-0151_b06/krp-0151_b06-0030.TIF","krp-0151_b06-0030.TIF","Signature","Done","26643738","File","tif","2026-09-17T09:04:39","false","","1","fmt/353","image/tiff","Tagged Image File Format",""
"131","94","file:/data/krp-0151_b/krp-0151_b06/krp-0151_b06-0031.TIF","/data/krp-0151_b/krp-0151_b06/krp-0151_b06-0031.TIF","krp-0151_b06-0031.TIF","Signature","Done","26351976","File","tif","2026-09-17T09:04:42","false","","1","fmt/353","image/tiff","Tagged Image File Format",""
"132","94","file:/data/krp-0151_b/krp-0151_b06/krp-0151_b06-0032.TIF","/data/krp-0151_b/krp-0151_b06/krp-0151_b06-0032.TIF","krp-0151_b06-0032.TIF","Signature","Done","27884618","File","tif","2026-09-17T09:04:45","false","","1","fmt/353","image/tiff","Tagged Image File Format",""
"133","94","file:/data/krp-0151_b/krp-0151_b06/krp-0151_b06-0033.TIF","/data/krp-0151_b/krp-0151_b06/krp-0151_b06-0033.TIF","krp-0151_b06-0033.TIF","Signature","Done","27458904","File","tif","2026-09-17T09:04:49","false","","1","fmt/353","image/tiff","Tagged Image File Format",""
"134","94","file:/data/krp-0151_b/krp-0151_b06/krp-0151_b06-0034.TIF","/data/krp-0151_b/krp-0151_b06/krp-0151_b06-0034.TIF","krp-0151_b06-0034.TIF","Signature","Done","27671912","File","tif","2026-09-17T09:04:53","false","","1","fmt/353","image/tiff","Tagged Image File Format",""
"135","94","file:/data/krp-0151_b/krp-0151_b06/krp-0151_b06-0035.TIF","/data/krp-0151_b/krp-0151_b06/krp-0151_b06-0035.TIF","krp-0151_b06-0035.TIF","Signature","Done","28243418","File","tif","2026-09-17T09:04:56","false","","1","fmt/353","image/tiff","Tagged Image File Format",""
"136","94","file:/data/krp-0151_b/krp-0151_b06/krp-0151_b06-0036.TIF","/data/krp-0151_b/krp-0151_b06/krp-0151_b06-0036.TIF","krp-0151_b06-0036.TIF","Signature","Done","25960830","File","tif","2026-09-17T09:04:59","false","","1","fmt/353","image/tiff","Tagged Image File Format",""
"137","94","file:/data/krp-0151_b/krp-0151_b06/krp-0151_b06-0037.TIF","/data/krp-0151_b/krp-0151_b06/krp-0151_b06-0037.TIF","krp-0151_b06-0037.TIF","Signature","Done","27075520","File","tif","2026-09-17T09:05:02","false","","1","fmt/353","image/tiff","Tagged Image File Format",""
"138","94","file:/data/krp-0151_b/krp-0151_b06/krp-0151_b06-0038.TIF","/data/krp-0151_b/krp-0151_b06/krp-0151_b06-0038.TIF","krp-0151_b06-0038.TIF","Signature","Done","26209724","File","tif","2026-09-17T09:05:06","false","","1","fmt/353","image/tiff","Tagged Image File Format",""
"139","94","file:/data/krp-0151_b/krp-0151_b06/krp-0151_b06-0039.TIF","/data/krp-0151_b/krp-0151_b06/krp-0151_b06-0039.TIF","krp-0151_b06-0039.TIF","Signature","Done","27921848","File","tif","2026-09-17T09:05:09","false","","1","fmt/353","image/tiff","Tagged Image File Format",""
"140","94","file:/data/krp-0151_b/krp-0151_b06/krp-0151_b06-0040.TIF","/data/krp-0151_b/krp-0151_b06/krp-0151_b06-0040.TIF","krp-0151_b06-0040.TIF","Signature","Done","27248954","File","tif","2026-09-17T09:05:12","false","","1","fmt/353","image/tiff","Tagged Image File Format",""
"141","94","file:/data/krp-0151_b/krp-0151_b06/krp-0151_b06-0041.TIF","/data/krp-0151_b/krp-0151_b06/krp-0151_b06-0041.TIF","krp-0151_b06-0041.TIF","Signature","Done","28700374","File","tif","2026-09-17T09:05:16","false","","1","fmt/353","image/tiff","Tagged Image File Format",""
"142","94","file:/data/krp-0151_b/krp-0151_b06/krp-0151_b06-0042.TIF","/data/krp-0151_b/krp-0151_b06/krp-0151_b06-0042.TIF","krp-0151_b06-0042.TIF","Signature","Done","28636144","File","tif","2026-09-17T09:05:19","false","","1","fmt/353","image/tiff","Tagged Image File Format",""
"143","94","file:/data/krp-0151_b/krp-0151_b06/krp-0151_b06-0043.TIF","/data/krp-0151_b/krp-0151_b06/krp-0151_b06-0043.TIF","krp-0151_b06-0043.TIF","Signature","Done","27417860","File","tif","2026-09-17T09:05:22","false","","1","fmt/353","image/tiff","Tagged Image File Format",""
"144","94","file:/data/krp-0151_b/krp-0151_b06/krp-0151_b06-0044.TIF","/data/krp-0151_b/krp-0151_b06/krp-0151_b06-0044.TIF","krp-0151_b06-0044.TIF","Signature","Done","29484990","File","tif","2026-09-17T09:05:26","false","","1","fmt/353","image/tiff","Tagged Image File Format",""
"145","94","file:/data/krp-0151_b/krp-0151_b06/krp-0151_b06-0045.TIF","/data/krp-0151_b/krp-0151_b06/krp-0151_b06-0045.TIF","krp-0151_b06-0045.TIF","Signature","Done","28022564","File","tif","2026-09-17T09:05:29","false","","1","fmt/353","image/tiff","Tagged Image File Format",""
"146","94","file:/data/krp-0151_b/krp-0151_b06/krp-0151_b06-0046.TIF","/data/krp-0151_b/krp-0151_b06/krp-0151_b06-0046.TIF","krp-0151_b06-0046.TIF","Signature","Done","25768130","File","tif","2026-09-17T09:05:33","false","","1","fmt/353","image/tiff","Tagged Image File Format",""
"147","94","file:/data/krp-0151_b/krp-0151_b06/krp-0151_b06-0047.TIF","/data/krp-0151_b/krp-0151_b06/krp-0151_b06-0047.TIF","krp-0151_b06-0047.TIF","Signature","Done","24753758","File","tif","2026-09-17T09:05:36","false","","1","fmt/353","image/tiff","Tagged Image File Format",""
"148","94","file:/data/krp-0151_b/krp-0151_b06/krp-0151_b06-0048.TIF","/data/krp-0151_b/krp-0151_b06/krp-0151_b06-0048.TIF","krp-0151_b06-0048.TIF","Signature","Done","27648860","File","tif","2026-09-17T09:05:39","false","","1","fmt/353","image/tiff","Tagged Image File Format",""
"149","94","file:/data/krp-0151_b/krp-0151_b06/krp-0151_b06-0049.TIF","/data/krp-0151_b/krp-0151_b06/krp-0151_b06-0049.TIF","krp-0151_b06-0049.TIF","Signature","Done","29901666","File","tif","2026-09-17T09:05:42","false","","1","fmt/353","image/tiff","Tagged Image File Format",""
"150","2","file:/data/krp-0151_b/krp-0151_b07/","/data/krp-0151_b/krp-0151_b07","krp-0151_b07","","Done","","Folder","","2026-09-17T09:06:19","false","",""
"151","94","file:/data/krp-0151_b/krp-0151_b06/krp-0151_b06-0050.TIF","/data/krp-0151_b/krp-0151_b06/krp-0151_b06-0050.TIF","krp-0151_b06-0050.TIF","Signature","Done","28502702","File","tif","2026-09-17T09:05:45","false","","1","fmt/353","image/tiff","Tagged Image File Format",""
"152","94","file:/data/krp-0151_b/krp-0151_b06/krp-0151_b06-0051.TIF","/data/krp-0151_b/krp-0151_b06/krp-0151_b06-0051.TIF","krp-0151_b06-0051.TIF","Signature","Done","29457936","File","tif","2026-09-17T09:05:49","false","","1","fmt/353","image/tiff","Tagged Image File Format",""
"153","94","file:/data/krp-0151_b/krp-0151_b06/krp-0151_b06-0052.TIF","/data/krp-0151_b/krp-0151_b06/krp-0151_b06-0052.TIF","krp-0151_b06-0052.TIF","Signature","Done","27730266","File","tif","2026-09-17T09:05:53","false","","1","fmt/353","image/tiff","Tagged Image File Format",""
"154","94","file:/data/krp-0151_b/krp-0151_b06/krp-0151_b06-0053.TIF","/data/krp-0151_b/krp-0151_b06/krp-0151_b06-0053.TIF","krp-0151_b06-0053.TIF","Signature","Done","31166436","File","tif","2026-09-17T09:05:57","false","","1","fmt/353","image/tiff","Tagged Image File Format",""
"155","94","file:/data/krp-0151_b/krp-0151_b06/krp-0151_b06-0054.TIF","/data/krp-0151_b/krp-0151_b06/krp-0151_b06-0054.TIF","krp-0151_b06-0054.TIF","Signature","Done","26983916","File","tif","2026-09-17T09:06:01","false","","1","fmt/353","image/tiff","Tagged Image File Format",""
"156","94","file:/data/krp-0151_b/krp-0151_b06/krp-0151_b06-0055.TIF","/data/krp-0151_b/krp-0151_b06/krp-0151_b06-0055.TIF","krp-0151_b06-0055.TIF","Signature","Done","28426130","File","tif","2026-09-17T09:06:04","false","","1","fmt/353","image/tiff","Tagged Image File Format",""
"157","2","file:/data/krp-0151_b/krp-0151_b08/","/data/krp-0151_b/krp-0151_b08","krp-0151_b08","","Done","","Folder","","2026-09-17T09:06:34","false","",""
"158","150","file:/data/krp-0151_b/krp-0151_b07/krp-0151_b07-0001.TIF","/data/krp-0151_b/krp-0151_b07/krp-0151_b07-0001.TIF","krp-0151_b07-0001.TIF","Signature","Done","22652240","File","tif","2026-09-17T09:06:07","false","","1","fmt/353","image/tiff","Tagged Image File Format",""
"159","150","file:/data/krp-0151_b/krp-0151_b07/krp-0151_b07-0002.TIF","/data/krp-0151_b/krp-0151_b07/krp-0151_b07-0002.TIF","krp-0151_b07-0002.TIF","Signature","Done","22025888","File","tif","2026-09-17T09:06:10","false","","1","fmt/353","image/tiff","Tagged Image File Format",""
"160","150","file:/data/krp-0151_b/krp-0151_b07/krp-0151_b07-0003.TIF","/data/krp-0151_b/krp-0151_b07/krp-0151_b07-0003.TIF","krp-0151_b07-0003.TIF","Signature","Done","21836544","File","tif","2026-09-17T09:06:14","false","","1","fmt/353","image/tiff","Tagged Image File Format",""
"161","150","file:/data/krp-0151_b/krp-0151_b07/krp-0151_b07-0004.TIF","/data/krp-0151_b/krp-0151_b07/krp-0151_b07-0004.TIF","krp-0151_b07-0004.TIF","Signature","Done","20060188","File","tif","2026-09-17T09:06:16","false","","1","fmt/353","image/tiff","Tagged Image File Format",""
"162","150","file:/data/krp-0151_b/krp-0151_b07/krp-0151_b07-0005.TIF","/data/krp-0151_b/krp-0151_b07/krp-0151_b07-0005.TIF","krp-0151_b07-0005.TIF","Signature","Done","18167164","File","tif","2026-09-17T09:06:19","false","","1","fmt/353","image/tiff","Tagged Image File Format",""
"163","2","file:/data/krp-0151_b/krp-0151_b09/","/data/krp-0151_b/krp-0151_b09","krp-0151_b09","","Done","","Folder","","2026-09-17T09:06:58","false","",""
"164","157","file:/data/krp-0151_b/krp-0151_b08/krp-0151_b08-0001.TIF","/data/krp-0151_b/krp-0151_b08/krp-0151_b08-0001.TIF","krp-0151_b08-0001.TIF","Signature","Done","28855312","File","tif","2026-09-17T09:06:23","false","","1","fmt/353","image/tiff","Tagged Image File Format",""
"165","157","file:/data/krp-0151_b/krp-0151_b08/krp-0151_b08-0002.TIF","/data/krp-0151_b/krp-0151_b08/krp-0151_b08-0002.TIF","krp-0151_b08-0002.TIF","Signature","Done","28821640","File","tif","2026-09-17T09:06:26","false","","1","fmt/353","image/tiff","Tagged Image File Format",""
"166","157","file:/data/krp-0151_b/krp-0151_b08/krp-0151_b08-0003.TIF","/data/krp-0151_b/krp-0151_b08/krp-0151_b08-0003.TIF","krp-0151_b08-0003.TIF","Signature","Done","36592128","File","tif","2026-09-17T09:06:30","false","","1","fmt/353","image/tiff","Tagged Image File Format",""
"167","157","file:/data/krp-0151_b/krp-0151_b08/krp-0151_b08-0004.TIF","/data/krp-0151_b/krp-0151_b08/krp-0151_b08-0004.TIF","krp-0151_b08-0004.TIF","Signature","Done","30001454","File","tif","2026-09-17T09:06:34","false","","1","fmt/353","image/tiff","Tagged Image File Format",""
"168","163","file:/data/krp-0151_b/krp-0151_b09/krp-0151_b09-0001.TIF","/data/krp-0151_b/krp-0151_b09/krp-0151_b09-0001.TIF","krp-0151_b09-0001.TIF","Signature","Done","21069266","File","tif","2026-09-17T09:06:37","false","","1","fmt/353","image/tiff","Tagged Image File Format",""
"169","163","file:/data/krp-0151_b/krp-0151_b09/krp-0151_b09-0002.TIF","/data/krp-0151_b/krp-0151_b09/krp-0151_b09-0002.TIF","krp-0151_b09-0002.TIF","Signature","Done","22271650","File","tif","2026-09-17T09:06:40","false","","1","fmt/353","image/tiff","Tagged Image File Format",""
"170","163","file:/data/krp-0151_b/krp-0151_b09/krp-0151_b09-0003.TIF","/data/krp-0151_b/krp-0151_b09/krp-0151_b09-0003.TIF","krp-0151_b09-0003.TIF","Signature","Done","21104248","File","tif","2026-09-17T09:06:43","false","","1","fmt/353","image/tiff","Tagged Image File Format",""
"171","2","file:/data/krp-0151_b/krp-0151_b10/","/data/krp-0151_b/krp-0151_b10","krp-0151_b10","","Done","","Folder","","2026-09-17T09:08:41","false","",""
"172","163","file:/data/krp-0151_b/krp-0151_b09/krp-0151_b09-0004.TIF","/data/krp-0151_b/krp-0151_b09/krp-0151_b09-0004.TIF","krp-0151_b09-0004.TIF","Signature","Done","21110858","File","tif","2026-09-17T09:06:46","false","","1","fmt/353","image/tiff","Tagged Image File Format",""
"173","163","file:/data/krp-0151_b/krp-0151_b09/krp-0151_b09-0005.TIF","/data/krp-0151_b/krp-0151_b09/krp-0151_b09-0005.TIF","krp-0151_b09-0005.TIF","Signature","Done","20969858","File","tif","2026-09-17T09:06:49","false","","1","fmt/353","image/tiff","Tagged Image File Format",""
"174","163","file:/data/krp-0151_b/krp-0151_b09/krp-0151_b09-0006.TIF","/data/krp-0151_b/krp-0151_b09/krp-0151_b09-0006.TIF","krp-0151_b09-0006.TIF","Signature","Done","20493066","File","tif","2026-09-17T09:06:52","false","","1","fmt/353","image/tiff","Tagged Image File Format",""
"175","163","file:/data/krp-0151_b/krp-0151_b09/krp-0151_b09-0007.TIF","/data/krp-0151_b/krp-0151_b09/krp-0151_b09-0007.TIF","krp-0151_b09-0007.TIF","Signature","Done","22345090","File","tif","2026-09-17T09:06:55","false","","1","fmt/353","image/tiff","Tagged Image File Format",""
"176","163","file:/data/krp-0151_b/krp-0151_b09/krp-0151_b09-0008.TIF","/data/krp-0151_b/krp-0151_b09/krp-0151_b09-0008.TIF","krp-0151_b09-0008.TIF","Signature","Done","22435716","File","tif","2026-09-17T09:06:58","false","","1","fmt/353","image/tiff","Tagged Image File Format",""
"177","171","file:/data/krp-0151_b/krp-0151_b10/krp-0151_b10-0001.TIF","/data/krp-0151_b/krp-0151_b10/krp-0151_b10-0001.TIF","krp-0151_b10-0001.TIF","Signature","Done","28567118","File","tif","2026-09-17T09:07:01","false","","1","fmt/353","image/tiff","Tagged Image File Format",""
"178","171","file:/data/krp-0151_b/krp-0151_b10/krp-0151_b10-0002.TIF","/data/krp-0151_b/krp-0151_b10/krp-0151_b10-0002.TIF","krp-0151_b10-0002.TIF","Signature","Done","28285614","File","tif","2026-09-17T09:07:05","false","","1","fmt/353","image/tiff","Tagged Image File Format",""
"179","171","file:/data/krp-0151_b/krp-0151_b10/krp-0151_b10-0003.TIF","/data/krp-0151_b/krp-0151_b10/krp-0151_b10-0003.TIF","krp-0151_b10-0003.TIF","Signature","Done","27353628","File","tif","2026-09-17T09:07:08","false","","1","fmt/353","image/tiff","Tagged Image File Format",""
"180","171","file:/data/krp-0151_b/krp-0151_b10/krp-0151_b10-0004.TIF","/data/krp-0151_b/krp-0151_b10/krp-0151_b10-0004.TIF","krp-0151_b10-0004.TIF","Signature","Done","27015356","File","tif","2026-09-17T09:07:11","false","","1","fmt/353","image/tiff","Tagged Image File Format",""
"181","171","file:/data/krp-0151_b/krp-0151_b10/krp-0151_b10-0005.TIF","/data/krp-0151_b/krp-0151_b10/krp-0151_b10-0005.TIF","krp-0151_b10-0005.TIF","Signature","Done","28426644","File","tif","2026-09-17T09:07:15","false","","1","fmt/353","image/tiff","Tagged Image File Format",""
"182","171","file:/data/krp-0151_b/krp-0151_b10/krp-0151_b10-0006.TIF","/data/krp-0151_b/krp-0151_b10/krp-0151_b10-0006.TIF","krp-0151_b10-0006.TIF","Signature","Done","29059644","File","tif","2026-09-17T09:07:19","false","","1","fmt/353","image/tiff","Tagged Image File Format",""
"183","171","file:/data/krp-0151_b/krp-0151_b10/krp-0151_b10-0007.TIF","/data/krp-0151_b/krp-0151_b10/krp-0151_b10-0007.TIF","krp-0151_b10-0007.TIF","Signature","Done","28034160","File","tif","2026-09-17T09:07:22","false","","1","fmt/353","image/tiff","Tagged Image File Format",""
"184","171","file:/data/krp-0151_b/krp-0151_b10/krp-0151_b10-0008.TIF","/data/krp-0151_b/krp-0151_b10/krp-0151_b10-0008.TIF","krp-0151_b10-0008.TIF","Signature","Done","27124788","File","tif","2026-09-17T09:07:25","false","","1","fmt/353","image/tiff","Tagged Image File Format",""
"185","171","file:/data/krp-0151_b/krp-0151_b10/krp-0151_b10-0009.TIF","/data/krp-0151_b/krp-0151_b10/krp-0151_b10-0009.TIF","krp-0151_b10-0009.TIF","Signature","Done","28098234","File","tif","2026-09-17T09:07:29","false","","1","fmt/353","image/tiff","Tagged Image File Format",""
"186","171","file:/data/krp-0151_b/krp-0151_b10/krp-0151_b10-0010.TIF","/data/krp-0151_b/krp-0151_b10/krp-0151_b10-0010.TIF","krp-0151_b10-0010.TIF","Signature","Done","29612008","File","tif","2026-09-17T09:07:33","false","","1","fmt/353","image/tiff","Tagged Image File Format",""
"187","171","file:/data/krp-0151_b/krp-0151_b10/krp-0151_b10-0011.TIF","/data/krp-0151_b/krp-0151_b10/krp-0151_b10-0011.TIF","krp-0151_b10-0011.TIF","Signature","Done","26165632","File","tif","2026-09-17T09:07:36","false","","1","fmt/353","image/tiff","Tagged Image File Format",""
"188","171","file:/data/krp-0151_b/krp-0151_b10/krp-0151_b10-0012.TIF","/data/krp-0151_b/krp-0151_b10/krp-0151_b10-0012.TIF","krp-0151_b10-0012.TIF","Signature","Done","27992914","File","tif","2026-09-17T09:07:39","false","","1","fmt/353","image/tiff","Tagged Image File Format",""
"189","171","file:/data/krp-0151_b/krp-0151_b10/krp-0151_b10-0013.TIF","/data/krp-0151_b/krp-0151_b10/krp-0151_b10-0013.TIF","krp-0151_b10-0013.TIF","Signature","Done","27078286","File","tif","2026-09-17T09:07:42","false","","1","fmt/353","image/tiff","Tagged Image File Format",""
"190","171","file:/data/krp-0151_b/krp-0151_b10/krp-0151_b10-0014.TIF","/data/krp-0151_b/krp-0151_b10/krp-0151_b10-0014.TIF","krp-0151_b10-0014.TIF","Signature","Done","29659482","File","tif","2026-09-17T09:07:46","false","","1","fmt/353","image/tiff","Tagged Image File Format",""
"191","171","file:/data/krp-0151_b/krp-0151_b10/krp-0151_b10-0015.TIF","/data/krp-0151_b/krp-0151_b10/krp-0151_b10-0015.TIF","krp-0151_b10-0015.TIF","Signature","Done","27260608","File","tif","2026-09-17T09:07:49","false","","1","fmt/353","image/tiff","Tagged Image File Format",""
"192","171","file:/data/krp-0151_b/krp-0151_b10/krp-0151_b10-0016.TIF","/data/krp-0151_b/krp-0151_b10/krp-0151_b10-0016.TIF","krp-0151_b10-0016.TIF","Signature","Done","28826602","File","tif","2026-09-17T09:07:52","false","","1","fmt/353","image/tiff","Tagged Image File Format",""
"193","171","file:/data/krp-0151_b/krp-0151_b10/krp-0151_b10-0017.TIF","/data/krp-0151_b/krp-0151_b10/krp-0151_b10-0017.TIF","krp-0151_b10-0017.TIF","Signature","Done","27524760","File","tif","2026-09-17T09:07:56","false","","1","fmt/353","image/tiff","Tagged Image File Format",""
"194","171","file:/data/krp-0151_b/krp-0151_b10/krp-0151_b10-0018.TIF","/data/krp-0151_b/krp-0151_b10/krp-0151_b10-0018.TIF","krp-0151_b10-0018.TIF","Signature","Done","28196648","File","tif","2026-09-17T09:07:59","false","","1","fmt/353","image/tiff","Tagged Image File Format",""
"195","171","file:/data/krp-0151_b/krp-0151_b10/krp-0151_b10-0019.TIF","/data/krp-0151_b/krp-0151_b10/krp-0151_b10-0019.TIF","krp-0151_b10-0019.TIF","Signature","Done","27716082","File","tif","2026-09-17T09:08:02","false","","1","fmt/353","image/tiff","Tagged Image File Format",""
"196","171","file:/data/krp-0151_b/krp-0151_b10/krp-0151_b10-0020.TIF","/data/krp-0151_b/krp-0151_b10/krp-0151_b10-0020.TIF","krp-0151_b10-0020.TIF","Signature","Done","30268784","File","tif","2026-09-17T09:08:06","false","","1","fmt/353","image/tiff","Tagged Image File Format",""
"197","171","file:/data/krp-0151_b/krp-0151_b10/krp-0151_b10-0021.TIF","/data/krp-0151_b/krp-0151_b10/krp-0151_b10-0021.TIF","krp-0151_b10-0021.TIF","Signature","Done","28833274","File","tif","2026-09-17T09:08:10","false","","1","fmt/353","image/tiff","Tagged Image File Format",""
"198","171","file:/data/krp-0151_b/krp-0151_b10/krp-0151_b10-0022.TIF","/data/krp-0151_b/krp-0151_b10/krp-0151_b10-0022.TIF","krp-0151_b10-0022.TIF","Signature","Done","27225678","File","tif","2026-09-17T09:08:14","false","","1","fmt/353","image/tiff","Tagged Image File Format",""
"199","171","file:/data/krp-0151_b/krp-0151_b10/krp-0151_b10-0023.TIF","/data/krp-0151_b/krp-0151_b10/krp-0151_b10-0023.TIF","krp-0151_b10-0023.TIF","Signature","Done","27395764","File","tif","2026-09-17T09:08:17","false","","1","fmt/353","image/tiff","Tagged Image File Format",""
"200","171","file:/data/krp-0151_b/krp-0151_b10/krp-0151_b10-0024.TIF","/data/krp-0151_b/krp-0151_b10/krp-0151_b10-0024.TIF","krp-0151_b10-0024.TIF","Signature","Done","28368376","File","tif","2026-09-17T09:08:20","false","","1","fmt/353","image/tiff","Tagged Image File Format",""
"201","171","file:/data/krp-0151_b/krp-0151_b10/krp-0151_b10-0025.TIF","/data/krp-0151_b/krp-0151_b10/krp-0151_b10-0025.TIF","krp-0151_b10-0025.TIF","Signature","Done","26544216","File","tif","2026-09-17T09:08:24","false","","1","fmt/353","image/tiff","Tagged Image File Format",""
"202","2","file:/data/krp-0151_b/krp-0151_b11/","/data/krp-0151_b/krp-0151_b11","krp-0151_b11","","Done","","Folder","","2026-09-17T09:08:47","false","",""
"203","171","file:/data/krp-0151_b/krp-0151_b10/krp-0151_b10-0026.TIF","/data/krp-0151_b/krp-0151_b10/krp-0151_b10-0026.TIF","krp-0151_b10-0026.TIF","Signature","Done","28819712","File","tif","2026-09-17T09:08:27","false","","1","fmt/353","image/tiff","Tagged Image File Format",""
"204","171","file:/data/krp-0151_b/krp-0151_b10/krp-0151_b10-0027.TIF","/data/krp-0151_b/krp-0151_b10/krp-0151_b10-0027.TIF","krp-0151_b10-0027.TIF","Signature","Done","28295974","File","tif","2026-09-17T09:08:30","false","","1","fmt/353","image/tiff","Tagged Image File Format",""
"205","171","file:/data/krp-0151_b/krp-0151_b10/krp-0151_b10-0028.TIF","/data/krp-0151_b/krp-0151_b10/krp-0151_b10-0028.TIF","krp-0151_b10-0028.TIF","Signature","Done","29540982","File","tif","2026-09-17T09:08:33","false","","1","fmt/353","image/tiff","Tagged Image File Format",""
"206","2","file:/data/krp-0151_b/krp-0151_b12/","/data/krp-0151_b/krp-0151_b12","krp-0151_b12","","Done","","Folder","","2026-09-17T09:09:01","false","",""
"207","171","file:/data/krp-0151_b/krp-0151_b10/krp-0151_b10-0029.TIF","/data/krp-0151_b/krp-0151_b10/krp-0151_b10-0029.TIF","krp-0151_b10-0029.TIF","Signature","Done","27055104","File","tif","2026-09-17T09:08:37","false","","1","fmt/353","image/tiff","Tagged Image File Format",""
"208","171","file:/data/krp-0151_b/krp-0151_b10/krp-0151_b10-0030.TIF","/data/krp-0151_b/krp-0151_b10/krp-0151_b10-0030.TIF","krp-0151_b10-0030.TIF","Signature","Done","28473404","File","tif","2026-09-17T09:08:41","false","","1","fmt/353","image/tiff","Tagged Image File Format",""
"209","2","file:/data/krp-0151_b/krp-0151_b13/","/data/krp-0151_b/krp-0151_b13","krp-0151_b13","","Done","","Folder","","2026-09-17T09:09:08","false","",""
"210","202","file:/data/krp-0151_b/krp-0151_b11/krp-0151_b11-0001.TIF","/data/krp-0151_b/krp-0151_b11/krp-0151_b11-0001.TIF","krp-0151_b11-0001.TIF","Signature","Done","28138542","File","tif","2026-09-17T09:08:44","false","","1","fmt/353","image/tiff","Tagged Image File Format",""
"211","202","file:/data/krp-0151_b/krp-0151_b11/krp-0151_b11-0002.TIF","/data/krp-0151_b/krp-0151_b11/krp-0151_b11-0002.TIF","krp-0151_b11-0002.TIF","Signature","Done","25234874","File","tif","2026-09-17T09:08:47","false","","1","fmt/353","image/tiff","Tagged Image File Format",""
"212","1","file:/data/krp-0151_k/","/data/krp-0151_k","krp-0151_k","","Done","","Folder","","2026-09-17T09:12:16","false","",""
"213","206","file:/data/krp-0151_b/krp-0151_b12/krp-0151_b12-0001.TIF","/data/krp-0151_b/krp-0151_b12/krp-0151_b12-0001.TIF","krp-0151_b12-0001.TIF","Signature","Done","26225252","File","tif","2026-09-17T09:08:50","false","","1","fmt/353","image/tiff","Tagged Image File Format",""
"214","206","file:/data/krp-0151_b/krp-0151_b12/krp-0151_b12-0002.TIF","/data/krp-0151_b/krp-0151_b12/krp-0151_b12-0002.TIF","krp-0151_b12-0002.TIF","Signature","Done","28757682","File","tif","2026-09-17T09:08:54","false","","1","fmt/353","image/tiff","Tagged Image File Format",""
"215","206","file:/data/krp-0151_b/krp-0151_b12/krp-0151_b12-0003.TIF","/data/krp-0151_b/krp-0151_b12/krp-0151_b12-0003.TIF","krp-0151_b12-0003.TIF","Signature","Done","25869394","File","tif","2026-09-17T09:08:57","false","","1","fmt/353","image/tiff","Tagged Image File Format",""
"216","206","file:/data/krp-0151_b/krp-0151_b12/krp-0151_b12-0004.TIF","/data/krp-0151_b/krp-0151_b12/krp-0151_b12-0004.TIF","krp-0151_b12-0004.TIF","Signature","Done","28747314","File","tif","2026-09-17T09:09:01","false","","1","fmt/353","image/tiff","Tagged Image File Format",""
"217","209","file:/data/krp-0151_b/krp-0151_b13/krp-0151_b13-0001.TIF","/data/krp-0151_b/krp-0151_b13/krp-0151_b13-0001.TIF","krp-0151_b13-0001.TIF","Signature","Done","26961804","File","tif","2026-09-17T09:09:04","false","","1","fmt/353","image/tiff","Tagged Image File Format",""
"218","209","file:/data/krp-0151_b/krp-0151_b13/krp-0151_b13-0002.TIF","/data/krp-0151_b/krp-0151_b13/krp-0151_b13-0002.TIF","krp-0151_b13-0002.TIF","Signature","Done","27422560","File","tif","2026-09-17T09:09:07","false","","1","fmt/353","image/tiff","Tagged Image File Format",""
"219","212","file:/data/krp-0151_k/krp-0151_k-0001.TIF","/data/krp-0151_k/krp-0151_k-0001.TIF","krp-0151_k-0001.TIF","Signature","Done","23858962","File","tif","2026-09-17T09:09:11","false","","1","fmt/353","image/tiff","Tagged Image File Format",""
"220","212","file:/data/krp-0151_k/krp-0151_k-0002.TIF","/data/krp-0151_k/krp-0151_k-0002.TIF","krp-0151_k-0002.TIF","Signature","Done","20761344","File","tif","2026-09-17T09:09:14","false","","1","fmt/353","image/tiff","Tagged Image File Format",""
"221","212","file:/data/krp-0151_k/krp-0151_k-0003.TIF","/data/krp-0151_k/krp-0151_k-0003.TIF","krp-0151_k-0003.TIF","Signature","Done","22979960","File","tif","2026-09-17T09:09:17","false","","1","fmt/353","image/tiff","Tagged Image File Format",""
"222","212","file:/data/krp-0151_k/krp-0151_k-0004.TIF","/data/krp-0151_k/krp-0151_k-0004.TIF","krp-0151_k-0004.TIF","Signature","Done","22836258","File","tif","2026-09-17T09:09:20","false","","1","fmt/353","image/tiff","Tagged Image File Format",""
"223","212","file:/data/krp-0151_k/krp-0151_k-0005.TIF","/data/krp-0151_k/krp-0151_k-0005.TIF","krp-0151_k-0005.TIF","Signature","Done","21146930","File","tif","2026-09-17T09:09:23","false","","1","fmt/353","image/tiff","Tagged Image File Format",""
"224","212","file:/data/krp-0151_k/krp-0151_k-0006.TIF","/data/krp-0151_k/krp-0151_k-0006.TIF","krp-0151_k-0006.TIF","Signature","Done","17490690","File","tif","2026-09-17T09:09:26","false","","1","fmt/353","image/tiff","Tagged Image File Format",""
"225","212","file:/data/krp-0151_k/krp-0151_k-0007.TIF","/data/krp-0151_k/krp-0151_k-0007.TIF","krp-0151_k-0007.TIF","Signature","Done","23477170","File","tif","2026-09-17T09:09:29","false","","1","fmt/353","image/tiff","Tagged Image File Format",""
"226","212","file:/data/krp-0151_k/krp-0151_k-0008.TIF","/data/krp-0151_k/krp-0151_k-0008.TIF","krp-0151_k-0008.TIF","Signature","Done","23060122","File","tif","2026-09-17T09:09:32","false","","1","fmt/353","image/tiff","Tagged Image File Format",""
"227","212","file:/data/krp-0151_k/krp-0151_k-0009.TIF","/data/krp-0151_k/krp-0151_k-0009.TIF","krp-0151_k-0009.TIF","Signature","Done","20946870","File","tif","2026-09-17T09:09:35","false","","1","fmt/353","image/tiff","Tagged Image File Format",""
"228","212","file:/data/krp-0151_k/krp-0151_k-0010.TIF","/data/krp-0151_k/krp-0151_k-0010.TIF","krp-0151_k-0010.TIF","Signature","Done","19047696","File","tif","2026-09-17T09:09:37","false","","1","fmt/353","image/tiff","Tagged Image File Format",""
"229","212","file:/data/krp-0151_k/krp-0151_k-0011.TIF","/data/krp-0151_k/krp-0151_k-0011.TIF","krp-0151_k-0011.TIF","Signature","Done","22656986","File","tif","2026-09-17T09:09:40","false","","1","fmt/353","image/tiff","Tagged Image File Format",""
"230","212","file:/data/krp-0151_k/krp-0151_k-0012.TIF","/data/krp-0151_k/krp-0151_k-0012.TIF","krp-0151_k-0012.TIF","Signature","Done","22857082","File","tif","2026-09-17T09:09:43","false","","1","fmt/353","image/tiff","Tagged Image File Format",""
"231","212","file:/data/krp-0151_k/krp-0151_k-0013.TIF","/data/krp-0151_k/krp-0151_k-0013.TIF","krp-0151_k-0013.TIF","Signature","Done","21367384","File","tif","2026-09-17T09:09:46","false","","1","fmt/353","image/tiff","Tagged Image File Format",""
"232","212","file:/data/krp-0151_k/krp-0151_k-0014.TIF","/data/krp-0151_k/krp-0151_k-0014.TIF","krp-0151_k-0014.TIF","Signature","Done","23239394","File","tif","2026-09-17T09:09:49","false","","1","fmt/353","image/tiff","Tagged Image File Format",""
"233","212","file:/data/krp-0151_k/krp-0151_k-0015.TIF","/data/krp-0151_k/krp-0151_k-0015.TIF","krp-0151_k-0015.TIF","Signature","Done","22735686","File","tif","2026-09-17T09:09:53","false","","1","fmt/353","image/tiff","Tagged Image File Format",""
"234","212","file:/data/krp-0151_k/krp-0151_k-0016.TIF","/data/krp-0151_k/krp-0151_k-0016.TIF","krp-0151_k-0016.TIF","Signature","Done","22821772","File","tif","2026-09-17T09:09:56","false","","1","fmt/353","image/tiff","Tagged Image File Format",""
"235","212","file:/data/krp-0151_k/krp-0151_k-0017.TIF","/data/krp-0151_k/krp-0151_k-0017.TIF","krp-0151_k-0017.TIF","Signature","Done","22172612","File","tif","2026-09-17T09:09:59","false","","1","fmt/353","image/tiff","Tagged Image File Format",""
"236","212","file:/data/krp-0151_k/krp-0151_k-0018.TIF","/data/krp-0151_k/krp-0151_k-0018.TIF","krp-0151_k-0018.TIF","Signature","Done","23271754","File","tif","2026-09-17T09:10:02","false","","1","fmt/353","image/tiff","Tagged Image File Format",""
"237","212","file:/data/krp-0151_k/krp-0151_k-0019.TIF","/data/krp-0151_k/krp-0151_k-0019.TIF","krp-0151_k-0019.TIF","Signature","Done","21557800","File","tif","2026-09-17T09:10:05","false","","1","fmt/353","image/tiff","Tagged Image File Format",""
"238","212","file:/data/krp-0151_k/krp-0151_k-0020.TIF","/data/krp-0151_k/krp-0151_k-0020.TIF","krp-0151_k-0020.TIF","Signature","Done","22176074","File","tif","2026-09-17T09:10:08","false","","1","fmt/353","image/tiff","Tagged Image File Format",""
"239","212","file:/data/krp-0151_k/krp-0151_k-0021.TIF","/data/krp-0151_k/krp-0151_k-0021.TIF","krp-0151_k-0021.TIF","Signature","Done","21069034","File","tif","2026-09-17T09:10:11","false","","1","fmt/353","image/tiff","Tagged Image File Format",""
"240","212","file:/data/krp-0151_k/krp-0151_k-0022.TIF","/data/krp-0151_k/krp-0151_k-0022.TIF","krp-0151_k-0022.TIF","Signature","Done","23012170","File","tif","2026-09-17T09:10:14","false","","1","fmt/353","image/tiff","Tagged Image File Format",""
"241","212","file:/data/krp-0151_k/krp-0151_k-0023.TIF","/data/krp-0151_k/krp-0151_k-0023.TIF","krp-0151_k-0023.TIF","Signature","Done","23520068","File","tif","2026-09-17T09:10:18","false","","1","fmt/353","image/tiff","Tagged Image File Format",""
"242","212","file:/data/krp-0151_k/krp-0151_k-0024.TIF","/data/krp-0151_k/krp-0151_k-0024.TIF","krp-0151_k-0024.TIF","Signature","Done","22720946","File","tif","2026-09-17T09:10:20","false","","1","fmt/353","image/tiff","Tagged Image File Format",""
"243","212","file:/data/krp-0151_k/krp-0151_k-0025.TIF","/data/krp-0151_k/krp-0151_k-0025.TIF","krp-0151_k-0025.TIF","Signature","Done","21441692","File","tif","2026-09-17T09:10:23","false","","1","fmt/353","image/tiff","Tagged Image File Format",""
"244","212","file:/data/krp-0151_k/krp-0151_k-0026.TIF","/data/krp-0151_k/krp-0151_k-0026.TIF","krp-0151_k-0026.TIF","Signature","Done","23044862","File","tif","2026-09-17T09:10:26","false","","1","fmt/353","image/tiff","Tagged Image File Format",""
"245","212","file:/data/krp-0151_k/krp-0151_k-0027.TIF","/data/krp-0151_k/krp-0151_k-0027.TIF","krp-0151_k-0027.TIF","Signature","Done","20931428","File","tif","2026-09-17T09:10:29","false","","1","fmt/353","image/tiff","Tagged Image File Format",""
"246","212","file:/data/krp-0151_k/krp-0151_k-0028.TIF","/data/krp-0151_k/krp-0151_k-0028.TIF","krp-0151_k-0028.TIF","Signature","Done","22532530","File","tif","2026-09-17T09:10:32","false","","1","fmt/353","image/tiff","Tagged Image File Format",""
"247","212","file:/data/krp-0151_k/krp-0151_k-0029.TIF","/data/krp-0151_k/krp-0151_k-0029.TIF","krp-0151_k-0029.TIF","Signature","Done","21489862","File","tif","2026-09-17T09:10:34","false","","1","fmt/353","image/tiff","Tagged Image File Format",""
"248","212","file:/data/krp-0151_k/krp-0151_k-0030.TIF","/data/krp-0151_k/krp-0151_k-0030.TIF","krp-0151_k-0030.TIF","Signature","Done","22629516","File","tif","2026-09-17T09:10:38","false","","1","fmt/353","image/tiff","Tagged Image File Format",""
"249","212","file:/data/krp-0151_k/krp-0151_k-0031.TIF","/data/krp-0151_k/krp-0151_k-0031.TIF","krp-0151_k-0031.TIF","Signature","Done","20987828","File","tif","2026-09-17T09:10:41","false","","1","fmt/353","image/tiff","Tagged Image File Format",""
"250","212","file:/data/krp-0151_k/krp-0151_k-0032.TIF","/data/krp-0151_k/krp-0151_k-0032.TIF","krp-0151_k-0032.TIF","Signature","Done","22882000","File","tif","2026-09-17T09:10:44","false","","1","fmt/353","image/tiff","Tagged Image File Format",""
"251","212","file:/data/krp-0151_k/krp-0151_k-0033.TIF","/data/krp-0151_k/krp-0151_k-0033.TIF","krp-0151_k-0033.TIF","Signature","Done","21497252","File","tif","2026-09-17T09:10:46","false","","1","fmt/353","image/tiff","Tagged Image File Format",""
"252","212","file:/data/krp-0151_k/krp-0151_k-0034.TIF","/data/krp-0151_k/krp-0151_k-0034.TIF","krp-0151_k-0034.TIF","Signature","Done","21680364","File","tif","2026-09-17T09:10:49","false","","1","fmt/353","image/tiff","Tagged Image File Format",""
"253","212","file:/data/krp-0151_k/krp-0151_k-0035.TIF","/data/krp-0151_k/krp-0151_k-0035.TIF","krp-0151_k-0035.TIF","Signature","Done","21486166","File","tif","2026-09-17T09:10:52","false","","1","fmt/353","image/tiff","Tagged Image File Format",""
"254","212","file:/data/krp-0151_k/krp-0151_k-0036.TIF","/data/krp-0151_k/krp-0151_k-0036.TIF","krp-0151_k-0036.TIF","Signature","Done","22599692","File","tif","2026-09-17T09:10:55","false","","1","fmt/353","image/tiff","Tagged Image File Format",""
"255","212","file:/data/krp-0151_k/krp-0151_k-0037.TIF","/data/krp-0151_k/krp-0151_k-0037.TIF","krp-0151_k-0037.TIF","Signature","Done","20925170","File","tif","2026-09-17T09:10:58","false","","1","fmt/353","image/tiff","Tagged Image File Format",""
"256","212","file:/data/krp-0151_k/krp-0151_k-0038.TIF","/data/krp-0151_k/krp-0151_k-0038.TIF","krp-0151_k-0038.TIF","Signature","Done","20906288","File","tif","2026-09-17T09:11:01","false","","1","fmt/353","image/tiff","Tagged Image File Format",""
"257","212","file:/data/krp-0151_k/krp-0151_k-0039.TIF","/data/krp-0151_k/krp-0151_k-0039.TIF","krp-0151_k-0039.TIF","Signature","Done","22095206","File","tif","2026-09-17T09:11:04","false","","1","fmt/353","image/tiff","Tagged Image File Format",""
"258","212","file:/data/krp-0151_k/krp-0151_k-0040.TIF","/data/krp-0151_k/krp-0151_k-0040.TIF","krp-0151_k-0040.TIF","Signature","Done","21962880","File","tif","2026-09-17T09:11:07","false","","1","fmt/353","image/tiff","Tagged Image File Format",""
"259","212","file:/data/krp-0151_k/krp-0151_k-0041.TIF","/data/krp-0151_k/krp-0151_k-0041.TIF","krp-0151_k-0041.TIF","Signature","Done","20719580","File","tif","2026-09-17T09:11:10","false","","1","fmt/353","image/tiff","Tagged Image File Format",""
"260","212","file:/data/krp-0151_k/krp-0151_k-0042.TIF","/data/krp-0151_k/krp-0151_k-0042.TIF","krp-0151_k-0042.TIF","Signature","Done","21310898","File","tif","2026-09-17T09:11:12","false","","1","fmt/353","image/tiff","Tagged Image File Format",""
"261","212","file:/data/krp-0151_k/krp-0151_k-0043.TIF","/data/krp-0151_k/krp-0151_k-0043.TIF","krp-0151_k-0043.TIF","Signature","Done","20955422","File","tif","2026-09-17T09:11:15","false","","1","fmt/353","image/tiff","Tagged Image File Format",""
"262","212","file:/data/krp-0151_k/krp-0151_k-0044.TIF","/data/krp-0151_k/krp-0151_k-0044.TIF","krp-0151_k-0044.TIF","Signature","Done","22135512","File","tif","2026-09-17T09:11:18","false","","1","fmt/353","image/tiff","Tagged Image File Format",""
"263","212","file:/data/krp-0151_k/krp-0151_k-0045.TIF","/data/krp-0151_k/krp-0151_k-0045.TIF","krp-0151_k-0045.TIF","Signature","Done","20649608","File","tif","2026-09-17T09:11:21","false","","1","fmt/353","image/tiff","Tagged Image File Format",""
"264","212","file:/data/krp-0151_k/krp-0151_k-0046.TIF","/data/krp-0151_k/krp-0151_k-0046.TIF","krp-0151_k-0046.TIF","Signature","Done","21409536","File","tif","2026-09-17T09:11:24","false","","1","fmt/353","image/tiff","Tagged Image File Format",""
"265","212","file:/data/krp-0151_k/krp-0151_k-0047.TIF","/data/krp-0151_k/krp-0151_k-0047.TIF","krp-0151_k-0047.TIF","Signature","Done","22332400","File","tif","2026-09-17T09:11:27","false","","1","fmt/353","image/tiff","Tagged Image File Format",""
"266","212","file:/data/krp-0151_k/krp-0151_k-0048.TIF","/data/krp-0151_k/krp-0151_k-0048.TIF","krp-0151_k-0048.TIF","Signature","Done","22789714","File","tif","2026-09-17T09:11:30","false","","1","fmt/353","image/tiff","Tagged Image File Format",""
"267","212","file:/data/krp-0151_k/krp-0151_k-0049.TIF","/data/krp-0151_k/krp-0151_k-0049.TIF","krp-0151_k-0049.TIF","Signature","Done","22590956","File","tif","2026-09-17T09:11:33","false","","1","fmt/353","image/tiff","Tagged Image File Format",""
"268","212","file:/data/krp-0151_k/krp-0151_k-0050.TIF","/data/krp-0151_k/krp-0151_k-0050.TIF","krp-0151_k-0050.TIF","Signature","Done","21403430","File","tif","2026-09-17T09:11:37","false","","1","fmt/353","image/tiff","Tagged Image File Format",""
"269","212","file:/data/krp-0151_k/krp-0151_k-0051.TIF","/data/krp-0151_k/krp-0151_k-0051.TIF","krp-0151_k-0051.TIF","Signature","Done","21208738","File","tif","2026-09-17T09:11:40","false","","1","fmt/353","image/tiff","Tagged Image File Format",""
"270","212","file:/data/krp-0151_k/krp-0151_k-0052.TIF","/data/krp-0151_k/krp-0151_k-0052.TIF","krp-0151_k-0052.TIF","Signature","Done","21633952","File","tif","2026-09-17T09:11:43","false","","1","fmt/353","image/tiff","Tagged Image File Format",""
"271","212","file:/data/krp-0151_k/krp-0151_k-0053.TIF","/data/krp-0151_k/krp-0151_k-0053.TIF","krp-0151_k-0053.TIF","Signature","Done","21094214","File","tif","2026-09-17T09:11:46","false","","1","fmt/353","image/tiff","Tagged Image File Format",""
"272","212","file:/data/krp-0151_k/krp-0151_k-0054.TIF","/data/krp-0151_k/krp-0151_k-0054.TIF","krp-0151_k-0054.TIF","Signature","Done","21022874","File","tif","2026-09-17T09:11:49","false","","1","fmt/353","image/tiff","Tagged Image File Format",""
"273","212","file:/data/krp-0151_k/krp-0151_k-0055.TIF","/data/krp-0151_k/krp-0151_k-0055.TIF","krp-0151_k-0055.TIF","Signature","Done","20689758","File","tif","2026-09-17T09:11:52","false","","1","fmt/353","image/tiff","Tagged Image File Format",""
"274","212","file:/data/krp-0151_k/krp-0151_k-0056.TIF","/data/krp-0151_k/krp-0151_k-0056.TIF","krp-0151_k-0056.TIF","Signature","Done","20332472","File","tif","2026-09-17T09:11:55","false","","1","fmt/353","image/tiff","Tagged Image File Format",""
"275","212","file:/data/krp-0151_k/krp-0151_k-0057.TIF","/data/krp-0151_k/krp-0151_k-0057.TIF","krp-0151_k-0057.TIF","Signature","Done","20476382","File","tif","2026-09-17T09:11:58","false","","1","fmt/353","image/tiff","Tagged Image File Format",""
"276","212","file:/data/krp-0151_k/krp-0151_k-0058.TIF","/data/krp-0151_k/krp-0151_k-0058.TIF","krp-0151_k-0058.TIF","Signature","Done","20752248","File","tif","2026-09-17T09:12:01","false","","1","fmt/353","image/tiff","Tagged Image File Format",""
"277","1","file:/data/krp-0151_r/","/data/krp-0151_r","krp-0151_r","","Done","","Folder","","2026-09-17T09:15:13","false","",""
"278","212","file:/data/krp-0151_k/krp-0151_k-0059.TIF","/data/krp-0151_k/krp-0151_k-0059.TIF","krp-0151_k-0059.TIF","Signature","Done","22324528","File","tif","2026-09-17T09:12:04","false","","1","fmt/353","image/tiff","Tagged Image File Format",""
"279","212","file:/data/krp-0151_k/krp-0151_k-0060.TIF","/data/krp-0151_k/krp-0151_k-0060.TIF","krp-0151_k-0060.TIF","Signature","Done","21312556","File","tif","2026-09-17T09:12:07","false","","1","fmt/353","image/tiff","Tagged Image File Format",""
"280","212","file:/data/krp-0151_k/krp-0151_k-0061.TIF","/data/krp-0151_k/krp-0151_k-0061.TIF","krp-0151_k-0061.TIF","Signature","Done","20978766","File","tif","2026-09-17T09:12:10","false","","1","fmt/353","image/tiff","Tagged Image File Format",""
"281","212","file:/data/krp-0151_k/krp-0151_k-0062.TIF","/data/krp-0151_k/krp-0151_k-0062.TIF","krp-0151_k-0062.TIF","Signature","Done","19671786","File","tif","2026-09-17T09:12:13","false","","1","fmt/353","image/tiff","Tagged Image File Format",""
"282","212","file:/data/krp-0151_k/krp-0151_k-0063.TIF","/data/krp-0151_k/krp-0151_k-0063.TIF","krp-0151_k-0063.TIF","Signature","Done","19692688","File","tif","2026-09-17T09:12:16","false","","1","fmt/353","image/tiff","Tagged Image File Format",""
"283","277","file:/data/krp-0151_r/krp-0151_r-0001.TIF","/data/krp-0151_r/krp-0151_r-0001.TIF","krp-0151_r-0001.TIF","Signature","Done","20055708","File","tif","2026-09-17T09:12:19","false","","1","fmt/353","image/tiff","Tagged Image File Format",""
"284","277","file:/data/krp-0151_r/krp-0151_r-0002.TIF","/data/krp-0151_r/krp-0151_r-0002.TIF","krp-0151_r-0002.TIF","Signature","Done","19069706","File","tif","2026-09-17T09:12:22","false","","1","fmt/353","image/tiff","Tagged Image File Format",""
"285","277","file:/data/krp-0151_r/krp-0151_r-0003.TIF","/data/krp-0151_r/krp-0151_r-0003.TIF","krp-0151_r-0003.TIF","Signature","Done","19719164","File","tif","2026-09-17T09:12:25","false","","1","fmt/353","image/tiff","Tagged Image File Format",""
"286","277","file:/data/krp-0151_r/krp-0151_r-0004.TIF","/data/krp-0151_r/krp-0151_r-0004.TIF","krp-0151_r-0004.TIF","Signature","Done","20140854","File","tif","2026-09-17T09:12:27","false","","1","fmt/353","image/tiff","Tagged Image File Format",""
"287","277","file:/data/krp-0151_r/krp-0151_r-0005.TIF","/data/krp-0151_r/krp-0151_r-0005.TIF","krp-0151_r-0005.TIF","Signature","Done","19435276","File","tif","2026-09-17T09:12:30","false","","1","fmt/353","image/tiff","Tagged Image File Format",""
"288","277","file:/data/krp-0151_r/krp-0151_r-0006.TIF","/data/krp-0151_r/krp-0151_r-0006.TIF","krp-0151_r-0006.TIF","Signature","Done","19263504","File","tif","2026-09-17T09:12:33","false","","1","fmt/353","image/tiff","Tagged Image File Format",""
"289","277","file:/data/krp-0151_r/krp-0151_r-0007.TIF","/data/krp-0151_r/krp-0151_r-0007.TIF","krp-0151_r-0007.TIF","Signature","Done","19178978","File","tif","2026-09-17T09:12:36","false","","1","fmt/353","image/tiff","Tagged Image File Format",""
"290","277","file:/data/krp-0151_r/krp-0151_r-0008.TIF","/data/krp-0151_r/krp-0151_r-0008.TIF","krp-0151_r-0008.TIF","Signature","Done","19028494","File","tif","2026-09-17T09:12:38","false","","1","fmt/353","image/tiff","Tagged Image File Format",""
"291","277","file:/data/krp-0151_r/krp-0151_r-0009.TIF","/data/krp-0151_r/krp-0151_r-0009.TIF","krp-0151_r-0009.TIF","Signature","Done","19581252","File","tif","2026-09-17T09:12:41","false","","1","fmt/353","image/tiff","Tagged Image File Format",""
"292","277","file:/data/krp-0151_r/krp-0151_r-0010.TIF","/data/krp-0151_r/krp-0151_r-0010.TIF","krp-0151_r-0010.TIF","Signature","Done","19279592","File","tif","2026-09-17T09:12:44","false","","1","fmt/353","image/tiff","Tagged Image File Format",""
"293","277","file:/data/krp-0151_r/krp-0151_r-0011.TIF","/data/krp-0151_r/krp-0151_r-0011.TIF","krp-0151_r-0011.TIF","Signature","Done","19443684","File","tif","2026-09-17T09:12:47","false","","1","fmt/353","image/tiff","Tagged Image File Format",""
"294","277","file:/data/krp-0151_r/krp-0151_r-0012.TIF","/data/krp-0151_r/krp-0151_r-0012.TIF","krp-0151_r-0012.TIF","Signature","Done","19310520","File","tif","2026-09-17T09:12:50","false","","1","fmt/353","image/tiff","Tagged Image File Format",""
"295","277","file:/data/krp-0151_r/krp-0151_r-0013.TIF","/data/krp-0151_r/krp-0151_r-0013.TIF","krp-0151_r-0013.TIF","Signature","Done","19468866","File","tif","2026-09-17T09:12:53","false","","1","fmt/353","image/tiff","Tagged Image File Format",""
"296","277","file:/data/krp-0151_r/krp-0151_r-0014.TIF","/data/krp-0151_r/krp-0151_r-0014.TIF","krp-0151_r-0014.TIF","Signature","Done","19464226","File","tif","2026-09-17T09:12:56","false","","1","fmt/353","image/tiff","Tagged Image File Format",""
"297","277","file:/data/krp-0151_r/krp-0151_r-0015.TIF","/data/krp-0151_r/krp-0151_r-0015.TIF","krp-0151_r-0015.TIF","Signature","Done","18989870","File","tif","2026-09-17T09:12:59","false","","1","fmt/353","image/tiff","Tagged Image File Format",""
"298","277","file:/data/krp-0151_r/krp-0151_r-0016.TIF","/data/krp-0151_r/krp-0151_r-0016.TIF","krp-0151_r-0016.TIF","Signature","Done","19227452","File","tif","2026-09-17T09:13:02","false","","1","fmt/353","image/tiff","Tagged Image File Format",""
"299","277","file:/data/krp-0151_r/krp-0151_r-0017.TIF","/data/krp-0151_r/krp-0151_r-0017.TIF","krp-0151_r-0017.TIF","Signature","Done","18630014","File","tif","2026-09-17T09:13:04","false","","1","fmt/353","image/tiff","Tagged Image File Format",""
"300","277","file:/data/krp-0151_r/krp-0151_r-0018.TIF","/data/krp-0151_r/krp-0151_r-0018.TIF","krp-0151_r-0018.TIF","Signature","Done","19013438","File","tif","2026-09-17T09:13:07","false","","1","fmt/353","image/tiff","Tagged Image File Format",""
"301","277","file:/data/krp-0151_r/krp-0151_r-0019.TIF","/data/krp-0151_r/krp-0151_r-0019.TIF","krp-0151_r-0019.TIF","Signature","Done","19214282","File","tif","2026-09-17T09:13:10","false","","1","fmt/353","image/tiff","Tagged Image File Format",""
"302","277","file:/data/krp-0151_r/krp-0151_r-0020.TIF","/data/krp-0151_r/krp-0151_r-0020.TIF","krp-0151_r-0020.TIF","Signature","Done","18952994","File","tif","2026-09-17T09:13:13","false","","1","fmt/353","image/tiff","Tagged Image File Format",""
"303","277","file:/data/krp-0151_r/krp-0151_r-0021.TIF","/data/krp-0151_r/krp-0151_r-0021.TIF","krp-0151_r-0021.TIF","Signature","Done","19349508","File","tif","2026-09-17T09:13:16","false","","1","fmt/353","image/tiff","Tagged Image File Format",""
"304","277","file:/data/krp-0151_r/krp-0151_r-0022.TIF","/data/krp-0151_r/krp-0151_r-0022.TIF","krp-0151_r-0022.TIF","Signature","Done","19433332","File","tif","2026-09-17T09:13:18","false","","1","fmt/353","image/tiff","Tagged Image File Format",""
"305","277","file:/data/krp-0151_r/krp-0151_r-0023.TIF","/data/krp-0151_r/krp-0151_r-0023.TIF","krp-0151_r-0023.TIF","Signature","Done","19582784","File","tif","2026-09-17T09:13:21","false","","1","fmt/353","image/tiff","Tagged Image File Format",""
"306","277","file:/data/krp-0151_r/krp-0151_r-0024.TIF","/data/krp-0151_r/krp-0151_r-0024.TIF","krp-0151_r-0024.TIF","Signature","Done","19218708","File","tif","2026-09-17T09:13:24","false","","1","fmt/353","image/tiff","Tagged Image File Format",""
"307","277","file:/data/krp-0151_r/krp-0151_r-0025.TIF","/data/krp-0151_r/krp-0151_r-0025.TIF","krp-0151_r-0025.TIF","Signature","Done","19791218","File","tif","2026-09-17T09:13:26","false","","1","fmt/353","image/tiff","Tagged Image File Format",""
"308","277","file:/data/krp-0151_r/krp-0151_r-0026.TIF","/data/krp-0151_r/krp-0151_r-0026.TIF","krp-0151_r-0026.TIF","Signature","Done","19664568","File","tif","2026-09-17T09:13:30","false","","1","fmt/353","image/tiff","Tagged Image File Format",""
"309","277","file:/data/krp-0151_r/krp-0151_r-0027.TIF","/data/krp-0151_r/krp-0151_r-0027.TIF","krp-0151_r-0027.TIF","Signature","Done","19336466","File","tif","2026-09-17T09:13:32","false","","1","fmt/353","image/tiff","Tagged Image File Format",""
"310","277","file:/data/krp-0151_r/krp-0151_r-0028.TIF","/data/krp-0151_r/krp-0151_r-0028.TIF","krp-0151_r-0028.TIF","Signature","Done","19904916","File","tif","2026-09-17T09:13:35","false","","1","fmt/353","image/tiff","Tagged Image File Format",""
"311","277","file:/data/krp-0151_r/krp-0151_r-0029.TIF","/data/krp-0151_r/krp-0151_r-0029.TIF","krp-0151_r-0029.TIF","Signature","Done","19722966","File","tif","2026-09-17T09:13:38","false","","1","fmt/353","image/tiff","Tagged Image File Format",""
"312","277","file:/data/krp-0151_r/krp-0151_r-0030.TIF","/data/krp-0151_r/krp-0151_r-0030.TIF","krp-0151_r-0030.TIF","Signature","Done","19762214","File","tif","2026-09-17T09:13:41","false","","1","fmt/353","image/tiff","Tagged Image File Format",""
"313","277","file:/data/krp-0151_r/krp-0151_r-0031.TIF","/data/krp-0151_r/krp-0151_r-0031.TIF","krp-0151_r-0031.TIF","Signature","Done","19219288","File","tif","2026-09-17T09:13:44","false","","1","fmt/353","image/tiff","Tagged Image File Format",""
"314","277","file:/data/krp-0151_r/krp-0151_r-0032.TIF","/data/krp-0151_r/krp-0151_r-0032.TIF","krp-0151_r-0032.TIF","Signature","Done","19522780","File","tif","2026-09-17T09:13:47","false","","1","fmt/353","image/tiff","Tagged Image File Format",""
"315","277","file:/data/krp-0151_r/krp-0151_r-0033.TIF","/data/krp-0151_r/krp-0151_r-0033.TIF","krp-0151_r-0033.TIF","Signature","Done","19716640","File","tif","2026-09-17T09:13:50","false","","1","fmt/353","image/tiff","Tagged Image File Format",""
"316","277","file:/data/krp-0151_r/krp-0151_r-0034.TIF","/data/krp-0151_r/krp-0151_r-0034.TIF","krp-0151_r-0034.TIF","Signature","Done","19489946","File","tif","2026-09-17T09:13:53","false","","1","fmt/353","image/tiff","Tagged Image File Format",""
"317","277","file:/data/krp-0151_r/krp-0151_r-0035.TIF","/data/krp-0151_r/krp-0151_r-0035.TIF","krp-0151_r-0035.TIF","Signature","Done","19409896","File","tif","2026-09-17T09:13:55","false","","1","fmt/353","image/tiff","Tagged Image File Format",""
"318","277","file:/data/krp-0151_r/krp-0151_r-0036.TIF","/data/krp-0151_r/krp-0151_r-0036.TIF","krp-0151_r-0036.TIF","Signature","Done","19370942","File","tif","2026-09-17T09:13:58","false","","1","fmt/353","image/tiff","Tagged Image File Format",""
"319","277","file:/data/krp-0151_r/krp-0151_r-0037.TIF","/data/krp-0151_r/krp-0151_r-0037.TIF","krp-0151_r-0037.TIF","Signature","Done","19571416","File","tif","2026-09-17T09:14:01","false","","1","fmt/353","image/tiff","Tagged Image File Format",""
"320","277","file:/data/krp-0151_r/krp-0151_r-0038.TIF","/data/krp-0151_r/krp-0151_r-0038.TIF","krp-0151_r-0038.TIF","Signature","Done","19200618","File","tif","2026-09-17T09:14:03","false","","1","fmt/353","image/tiff","Tagged Image File Format",""
"321","277","file:/data/krp-0151_r/krp-0151_r-0039.TIF","/data/krp-0151_r/krp-0151_r-0039.TIF","krp-0151_r-0039.TIF","Signature","Done","19706994","File","tif","2026-09-17T09:14:06","false","","1","fmt/353","image/tiff","Tagged Image File Format",""
"322","277","file:/data/krp-0151_r/krp-0151_r-0040.TIF","/data/krp-0151_r/krp-0151_r-0040.TIF","krp-0151_r-0040.TIF","Signature","Done","19466646","File","tif","2026-09-17T09:14:09","false","","1","fmt/353","image/tiff","Tagged Image File Format",""
"323","277","file:/data/krp-0151_r/krp-0151_r-0041.TIF","/data/krp-0151_r/krp-0151_r-0041.TIF","krp-0151_r-0041.TIF","Signature","Done","19706948","File","tif","2026-09-17T09:14:11","false","","1","fmt/353","image/tiff","Tagged Image File Format",""
"324","277","file:/data/krp-0151_r/krp-0151_r-0042.TIF","/data/krp-0151_r/krp-0151_r-0042.TIF","krp-0151_r-0042.TIF","Signature","Done","19389898","File","tif","2026-09-17T09:14:14","false","","1","fmt/353","image/tiff","Tagged Image File Format",""
"325","277","file:/data/krp-0151_r/krp-0151_r-0043.TIF","/data/krp-0151_r/krp-0151_r-0043.TIF","krp-0151_r-0043.TIF","Signature","Done","19156400","File","tif","2026-09-17T09:14:17","false","","1","fmt/353","image/tiff","Tagged Image File Format",""
"326","277","file:/data/krp-0151_r/krp-0151_r-0044.TIF","/data/krp-0151_r/krp-0151_r-0044.TIF","krp-0151_r-0044.TIF","Signature","Done","18929484","File","tif","2026-09-17T09:14:20","false","","1","fmt/353","image/tiff","Tagged Image File Format",""
"327","277","file:/data/krp-0151_r/krp-0151_r-0045.TIF","/data/krp-0151_r/krp-0151_r-0045.TIF","krp-0151_r-0045.TIF","Signature","Done","19091486","File","tif","2026-09-17T09:14:23","false","","1","fmt/353","image/tiff","Tagged Image File Format",""
"328","277","file:/data/krp-0151_r/krp-0151_r-0046.TIF","/data/krp-0151_r/krp-0151_r-0046.TIF","krp-0151_r-0046.TIF","Signature","Done","18929226","File","tif","2026-09-17T09:14:26","false","","1","fmt/353","image/tiff","Tagged Image File Format",""
"329","277","file:/data/krp-0151_r/krp-0151_r-0047.TIF","/data/krp-0151_r/krp-0151_r-0047.TIF","krp-0151_r-0047.TIF","Signature","Done","18930788","File","tif","2026-09-17T09:14:28","false","","1","fmt/353","image/tiff","Tagged Image File Format",""
"330","277","file:/data/krp-0151_r/krp-0151_r-0048.TIF","/data/krp-0151_r/krp-0151_r-0048.TIF","krp-0151_r-0048.TIF","Signature","Done","18757338","File","tif","2026-09-17T09:14:31","false","","1","fmt/353","image/tiff","Tagged Image File Format",""
"331","277","file:/data/krp-0151_r/krp-0151_r-0049.TIF","/data/krp-0151_r/krp-0151_r-0049.TIF","krp-0151_r-0049.TIF","Signature","Done","19029958","File","tif","2026-09-17T09:14:34","false","","1","fmt/353","image/tiff","Tagged Image File Format",""
"332","277","file:/data/krp-0151_r/krp-0151_r-0050.TIF","/data/krp-0151_r/krp-0151_r-0050.TIF","krp-0151_r-0050.TIF","Signature","Done","19119736","File","tif","2026-09-17T09:14:37","false","","1","fmt/353","image/tiff","Tagged Image File Format",""
"333","277","file:/data/krp-0151_r/krp-0151_r-0051.TIF","/data/krp-0151_r/krp-0151_r-0051.TIF","krp-0151_r-0051.TIF","Signature","Done","19774932","File","tif","2026-09-17T09:14:39","false","","1","fmt/353","image/tiff","Tagged Image File Format",""
"334","277","file:/data/krp-0151_r/krp-0151_r-0052.TIF","/data/krp-0151_r/krp-0151_r-0052.TIF","krp-0151_r-0052.TIF","Signature","Done","19583970","File","tif","2026-09-17T09:14:42","false","","1","fmt/353","image/tiff","Tagged Image File Format",""
"335","277","file:/data/krp-0151_r/krp-0151_r-0053.TIF","/data/krp-0151_r/krp-0151_r-0053.TIF","krp-0151_r-0053.TIF","Signature","Done","18889192","File","tif","2026-09-17T09:14:45","false","","1","fmt/353","image/tiff","Tagged Image File Format",""
"336","277","file:/data/krp-0151_r/krp-0151_r-0054.TIF","/data/krp-0151_r/krp-0151_r-0054.TIF","krp-0151_r-0054.TIF","Signature","Done","19331708","File","tif","2026-09-17T09:14:48","false","","1","fmt/353","image/tiff","Tagged Image File Format",""
"337","277","file:/data/krp-0151_r/krp-0151_r-0055.TIF","/data/krp-0151_r/krp-0151_r-0055.TIF","krp-0151_r-0055.TIF","Signature","Done","18992684","File","tif","2026-09-17T09:14:50","false","","1","fmt/353","image/tiff","Tagged Image File Format",""
"338","277","file:/data/krp-0151_r/krp-0151_r-0056.TIF","/data/krp-0151_r/krp-0151_r-0056.TIF","krp-0151_r-0056.TIF","Signature","Done","19606384","File","tif","2026-09-17T09:14:53","false","","1","fmt/353","image/tiff","Tagged Image File Format",""
"339","277","file:/data/krp-0151_r/krp-0151_r-0057.TIF","/data/krp-0151_r/krp-0151_r-0057.TIF","krp-0151_r-0057.TIF","Signature","Done","18955048","File","tif","2026-09-17T09:14:56","false","","1","fmt/353","image/tiff","Tagged Image File Format",""
"340","277","file:/data/krp-0151_r/krp-0151_r-0058.TIF","/data/krp-0151_r/krp-0151_r-0058.TIF","krp-0151_r-0058.TIF","Signature","Done","19423718","File","tif","2026-09-17T09:14:59","false","","1","fmt/353","image/tiff","Tagged Image File Format",""
"341","1","file:/data/krp-0151_s/","/data/krp-0151_s","krp-0151_s","","Done","","Folder","","2026-09-16T13:10:17","false","",""
"342","277","file:/data/krp-0151_r/krp-0151_r-0059.TIF","/data/krp-0151_r/krp-0151_r-0059.TIF","krp-0151_r-0059.TIF","Signature","Done","19044980","File","tif","2026-09-17T09:15:02","false","","1","fmt/353","image/tiff","Tagged Image File Format",""
"343","341","file:/data/krp-0151_s/krp-0151_s01/","/data/krp-0151_s/krp-0151_s01","krp-0151_s01","","Done","","Folder","","2026-09-17T09:15:51","false","",""
"344","277","file:/data/krp-0151_r/krp-0151_r-0060.TIF","/data/krp-0151_r/krp-0151_r-0060.TIF","krp-0151_r-0060.TIF","Signature","Done","18954322","File","tif","2026-09-17T09:15:04","false","","1","fmt/353","image/tiff","Tagged Image File Format",""
"345","277","file:/data/krp-0151_r/krp-0151_r-0061.TIF","/data/krp-0151_r/krp-0151_r-0061.TIF","krp-0151_r-0061.TIF","Signature","Done","19259520","File","tif","2026-09-17T09:15:07","false","","1","fmt/353","image/tiff","Tagged Image File Format",""
"346","277","file:/data/krp-0151_r/krp-0151_r-0062.TIF","/data/krp-0151_r/krp-0151_r-0062.TIF","krp-0151_r-0062.TIF","Signature","Done","19814448","File","tif","2026-09-17T09:15:10","false","","1","fmt/353","image/tiff","Tagged Image File Format",""
"347","277","file:/data/krp-0151_r/krp-0151_r-0063.TIF","/data/krp-0151_r/krp-0151_r-0063.TIF","krp-0151_r-0063.TIF","Signature","Done","16522308","File","tif","2026-09-17T09:15:13","false","","1","fmt/353","image/tiff","Tagged Image File Format",""
"348","343","file:/data/krp-0151_s/krp-0151_s01/krp-0151_s01-0001.TIF","/data/krp-0151_s/krp-0151_s01/krp-0151_s01-0001.TIF","krp-0151_s01-0001.TIF","Signature","Done","22007810","File","tif","2026-09-17T09:15:15","false","","1","fmt/353","image/tiff","Tagged Image File Format",""
"349","343","file:/data/krp-0151_s/krp-0151_s01/krp-0151_s01-0002.TIF","/data/krp-0151_s/krp-0151_s01/krp-0151_s01-0002.TIF","krp-0151_s01-0002.TIF","Signature","Done","21195814","File","tif","2026-09-17T09:15:19","false","","1","fmt/353","image/tiff","Tagged Image File Format",""
"350","343","file:/data/krp-0151_s/krp-0151_s01/krp-0151_s01-0003.TIF","/data/krp-0151_s/krp-0151_s01/krp-0151_s01-0003.TIF","krp-0151_s01-0003.TIF","Signature","Done","20597930","File","tif","2026-09-17T09:15:21","false","","1","fmt/353","image/tiff","Tagged Image File Format",""
"351","343","file:/data/krp-0151_s/krp-0151_s01/krp-0151_s01-0004.TIF","/data/krp-0151_s/krp-0151_s01/krp-0151_s01-0004.TIF","krp-0151_s01-0004.TIF","Signature","Done","21083322","File","tif","2026-09-17T09:15:25","false","","1","fmt/353","image/tiff","Tagged Image File Format",""
"352","343","file:/data/krp-0151_s/krp-0151_s01/krp-0151_s01-0005.TIF","/data/krp-0151_s/krp-0151_s01/krp-0151_s01-0005.TIF","krp-0151_s01-0005.TIF","Signature","Done","21183940","File","tif","2026-09-17T09:15:28","false","","1","fmt/353","image/tiff","Tagged Image File Format",""
"353","343","file:/data/krp-0151_s/krp-0151_s01/krp-0151_s01-0006.TIF","/data/krp-0151_s/krp-0151_s01/krp-0151_s01-0006.TIF","krp-0151_s01-0006.TIF","Signature","Done","19569614","File","tif","2026-09-17T09:15:31","false","","1","fmt/353","image/tiff","Tagged Image File Format",""
"354","343","file:/data/krp-0151_s/krp-0151_s01/krp-0151_s01-0007.TIF","/data/krp-0151_s/krp-0151_s01/krp-0151_s01-0007.TIF","krp-0151_s01-0007.TIF","Signature","Done","20526076","File","tif","2026-09-17T09:15:34","false","","1","fmt/353","image/tiff","Tagged Image File Format",""
"355","343","file:/data/krp-0151_s/krp-0151_s01/krp-0151_s01-0008.TIF","/data/krp-0151_s/krp-0151_s01/krp-0151_s01-0008.TIF","krp-0151_s01-0008.TIF","Signature","Done","20011142","File","tif","2026-09-17T09:15:37","false","","1","fmt/353","image/tiff","Tagged Image File Format",""
"356","341","file:/data/krp-0151_s/krp-0151_s02/","/data/krp-0151_s/krp-0151_s02","krp-0151_s02","","Done","","Folder","","2026-09-17T09:16:44","false","",""
"357","343","file:/data/krp-0151_s/krp-0151_s01/krp-0151_s01-0009.TIF","/data/krp-0151_s/krp-0151_s01/krp-0151_s01-0009.TIF","krp-0151_s01-0009.TIF","Signature","Done","20735892","File","tif","2026-09-17T09:15:40","false","","1","fmt/353","image/tiff","Tagged Image File Format",""
"358","343","file:/data/krp-0151_s/krp-0151_s01/krp-0151_s01-0010.TIF","/data/krp-0151_s/krp-0151_s01/krp-0151_s01-0010.TIF","krp-0151_s01-0010.TIF","Signature","Done","19540530","File","tif","2026-09-17T09:15:43","false","","1","fmt/353","image/tiff","Tagged Image File Format",""
"359","343","file:/data/krp-0151_s/krp-0151_s01/krp-0151_s01-0011.TIF","/data/krp-0151_s/krp-0151_s01/krp-0151_s01-0011.TIF","krp-0151_s01-0011.TIF","Signature","Done","20396210","File","tif","2026-09-17T09:15:45","false","","1","fmt/353","image/tiff","Tagged Image File Format",""
"360","343","file:/data/krp-0151_s/krp-0151_s01/krp-0151_s01-0012.TIF","/data/krp-0151_s/krp-0151_s01/krp-0151_s01-0012.TIF","krp-0151_s01-0012.TIF","Signature","Done","20140644","File","tif","2026-09-17T09:15:48","false","","1","fmt/353","image/tiff","Tagged Image File Format",""
"361","343","file:/data/krp-0151_s/krp-0151_s01/krp-0151_s01-0013.TIF","/data/krp-0151_s/krp-0151_s01/krp-0151_s01-0013.TIF","krp-0151_s01-0013.TIF","Signature","Done","19590512","File","tif","2026-09-17T09:15:51","false","","1","fmt/353","image/tiff","Tagged Image File Format",""
"362","356","file:/data/krp-0151_s/krp-0151_s02/krp-0151_s02-0001.TIF","/data/krp-0151_s/krp-0151_s02/krp-0151_s02-0001.TIF","krp-0151_s02-0001.TIF","Signature","Done","20340722","File","tif","2026-09-17T09:15:53","false","","1","fmt/353","image/tiff","Tagged Image File Format",""
"363","356","file:/data/krp-0151_s/krp-0151_s02/krp-0151_s02-0002.TIF","/data/krp-0151_s/krp-0151_s02/krp-0151_s02-0002.TIF","krp-0151_s02-0002.TIF","Signature","Done","20727112","File","tif","2026-09-17T09:15:56","false","","1","fmt/353","image/tiff","Tagged Image File Format",""
"364","356","file:/data/krp-0151_s/krp-0151_s02/krp-0151_s02-0003.TIF","/data/krp-0151_s/krp-0151_s02/krp-0151_s02-0003.TIF","krp-0151_s02-0003.TIF","Signature","Done","20587158","File","tif","2026-09-17T09:15:59","false","","1","fmt/353","image/tiff","Tagged Image File Format",""
"365","356","file:/data/krp-0151_s/krp-0151_s02/krp-0151_s02-0004.TIF","/data/krp-0151_s/krp-0151_s02/krp-0151_s02-0004.TIF","krp-0151_s02-0004.TIF","Signature","Done","20419024","File","tif","2026-09-17T09:16:02","false","","1","fmt/353","image/tiff","Tagged Image File Format",""
"366","356","file:/data/krp-0151_s/krp-0151_s02/krp-0151_s02-0005.TIF","/data/krp-0151_s/krp-0151_s02/krp-0151_s02-0005.TIF","krp-0151_s02-0005.TIF","Signature","Done","21420764","File","tif","2026-09-17T09:16:05","false","","1","fmt/353","image/tiff","Tagged Image File Format",""
"367","356","file:/data/krp-0151_s/krp-0151_s02/krp-0151_s02-0006.TIF","/data/krp-0151_s/krp-0151_s02/krp-0151_s02-0006.TIF","krp-0151_s02-0006.TIF","Signature","Done","21085724","File","tif","2026-09-17T09:16:08","false","","1","fmt/353","image/tiff","Tagged Image File Format",""
"368","356","file:/data/krp-0151_s/krp-0151_s02/krp-0151_s02-0007.TIF","/data/krp-0151_s/krp-0151_s02/krp-0151_s02-0007.TIF","krp-0151_s02-0007.TIF","Signature","Done","19802008","File","tif","2026-09-17T09:16:11","false","","1","fmt/353","image/tiff","Tagged Image File Format",""
"369","356","file:/data/krp-0151_s/krp-0151_s02/krp-0151_s02-0008.TIF","/data/krp-0151_s/krp-0151_s02/krp-0151_s02-0008.TIF","krp-0151_s02-0008.TIF","Signature","Done","21382622","File","tif","2026-09-17T09:16:14","false","","1","fmt/353","image/tiff","Tagged Image File Format",""
"370","356","file:/data/krp-0151_s/krp-0151_s02/krp-0151_s02-0009.TIF","/data/krp-0151_s/krp-0151_s02/krp-0151_s02-0009.TIF","krp-0151_s02-0009.TIF","Signature","Done","21611044","File","tif","2026-09-17T09:16:17","false","","1","fmt/353","image/tiff","Tagged Image File Format",""
"371","356","file:/data/krp-0151_s/krp-0151_s02/krp-0151_s02-0010.TIF","/data/krp-0151_s/krp-0151_s02/krp-0151_s02-0010.TIF","krp-0151_s02-0010.TIF","Signature","Done","22348122","File","tif","2026-09-17T09:16:20","false","","1","fmt/353","image/tiff","Tagged Image File Format",""
"372","356","file:/data/krp-0151_s/krp-0151_s02/krp-0151_s02-0011.TIF","/data/krp-0151_s/krp-0151_s02/krp-0151_s02-0011.TIF","krp-0151_s02-0011.TIF","Signature","Done","21645778","File","tif","2026-09-17T09:16:24","false","","1","fmt/353","image/tiff","Tagged Image File Format",""
"373","356","file:/data/krp-0151_s/krp-0151_s02/krp-0151_s02-0012.TIF","/data/krp-0151_s/krp-0151_s02/krp-0151_s02-0012.TIF","krp-0151_s02-0012.TIF","Signature","Done","22587792","File","tif","2026-09-17T09:16:26","false","","1","fmt/353","image/tiff","Tagged Image File Format",""
"374","356","file:/data/krp-0151_s/krp-0151_s02/krp-0151_s02-0013.TIF","/data/krp-0151_s/krp-0151_s02/krp-0151_s02-0013.TIF","krp-0151_s02-0013.TIF","Signature","Done","21482140","File","tif","2026-09-17T09:16:29","false","","1","fmt/353","image/tiff","Tagged Image File Format",""
"375","1","file:/data/krp-0151_t/","/data/krp-0151_t","krp-0151_t","","Done","","Folder","","2026-09-17T09:16:47","false","",""
"376","356","file:/data/krp-0151_s/krp-0151_s02/krp-0151_s02-0014.TIF","/data/krp-0151_s/krp-0151_s02/krp-0151_s02-0014.TIF","krp-0151_s02-0014.TIF","Signature","Done","22784678","File","tif","2026-09-17T09:16:32","false","","1","fmt/353","image/tiff","Tagged Image File Format",""
"377","356","file:/data/krp-0151_s/krp-0151_s02/krp-0151_s02-0015.TIF","/data/krp-0151_s/krp-0151_s02/krp-0151_s02-0015.TIF","krp-0151_s02-0015.TIF","Signature","Done","22132456","File","tif","2026-09-17T09:16:35","false","","1","fmt/353","image/tiff","Tagged Image File Format",""
"378","356","file:/data/krp-0151_s/krp-0151_s02/krp-0151_s02-0016.TIF","/data/krp-0151_s/krp-0151_s02/krp-0151_s02-0016.TIF","krp-0151_s02-0016.TIF","Signature","Done","22553506","File","tif","2026-09-17T09:16:38","false","","1","fmt/353","image/tiff","Tagged Image File Format",""
"379","356","file:/data/krp-0151_s/krp-0151_s02/krp-0151_s02-0017.TIF","/data/krp-0151_s/krp-0151_s02/krp-0151_s02-0017.TIF","krp-0151_s02-0017.TIF","Signature","Done","21712252","File","tif","2026-09-17T09:16:41","false","","1","fmt/353","image/tiff","Tagged Image File Format",""
"380","356","file:/data/krp-0151_s/krp-0151_s02/krp-0151_s02-0018.TIF","/data/krp-0151_s/krp-0151_s02/krp-0151_s02-0018.TIF","krp-0151_s02-0018.TIF","Signature","Done","20617440","File","tif","2026-09-17T09:16:44","false","","1","fmt/353","image/tiff","Tagged Image File Format",""
"381","375","file:/data/krp-0151_t/krp-0151_t-0001.TIF","/data/krp-0151_t/krp-0151_t-0001.TIF","krp-0151_t-0001.TIF","Signature","Done","22049114","File","tif","2026-09-17T09:16:47","false","","1","fmt/353","image/tiff","Tagged Image File Format",""
